-- MySQL dump 10.13  Distrib 8.0.30, for Linux (x86_64)
--
-- Host: 127.0.0.1    Database: backend
-- ------------------------------------------------------
-- Server version	5.5.5-10.7.3-MariaDB

/*!40101 SET @OLD_CHARACTER_SET_CLIENT=@@CHARACTER_SET_CLIENT */;
/*!40101 SET @OLD_CHARACTER_SET_RESULTS=@@CHARACTER_SET_RESULTS */;
/*!40101 SET @OLD_COLLATION_CONNECTION=@@COLLATION_CONNECTION */;
/*!50503 SET NAMES utf8mb4 */;
/*!40103 SET @OLD_TIME_ZONE=@@TIME_ZONE */;
/*!40103 SET TIME_ZONE='+00:00' */;
/*!40014 SET @OLD_UNIQUE_CHECKS=@@UNIQUE_CHECKS, UNIQUE_CHECKS=0 */;
/*!40014 SET @OLD_FOREIGN_KEY_CHECKS=@@FOREIGN_KEY_CHECKS, FOREIGN_KEY_CHECKS=0 */;
/*!40101 SET @OLD_SQL_MODE=@@SQL_MODE, SQL_MODE='NO_AUTO_VALUE_ON_ZERO' */;
/*!40111 SET @OLD_SQL_NOTES=@@SQL_NOTES, SQL_NOTES=0 */;

--
-- Table structure for table `application`
--

DROP TABLE IF EXISTS `application`;
/*!40101 SET @saved_cs_client     = @@character_set_client */;
/*!50503 SET character_set_client = utf8mb4 */;
CREATE TABLE `application` (
  `id` varchar(100) NOT NULL,
  `description` text DEFAULT NULL,
  `created_at` datetime DEFAULT NULL,
  `updated_at` datetime DEFAULT NULL,
  PRIMARY KEY (`id`)
) ENGINE=InnoDB DEFAULT CHARSET=utf8mb3;
/*!40101 SET character_set_client = @saved_cs_client */;

--
-- Dumping data for table `application`
--

LOCK TABLES `application` WRITE;
/*!40000 ALTER TABLE `application` DISABLE KEYS */;
INSERT INTO `application` VALUES ('KDC','classify various kidney diseases','2022-04-27 15:56:15',NULL),('PFS','diagnose disease using picture fuzzy relations','2022-04-27 15:56:14',NULL);
/*!40000 ALTER TABLE `application` ENABLE KEYS */;
UNLOCK TABLES;

--
-- Table structure for table `diagnose`
--

DROP TABLE IF EXISTS `diagnose`;
/*!40101 SET @saved_cs_client     = @@character_set_client */;
/*!50503 SET character_set_client = utf8mb4 */;
CREATE TABLE `diagnose` (
  `name` varchar(50) NOT NULL,
  `description` text DEFAULT NULL,
  `created_at` datetime DEFAULT NULL,
  `updated_at` datetime DEFAULT NULL,
  PRIMARY KEY (`name`)
) ENGINE=InnoDB DEFAULT CHARSET=utf8mb3;
/*!40101 SET character_set_client = @saved_cs_client */;

--
-- Dumping data for table `diagnose`
--

LOCK TABLES `diagnose` WRITE;
/*!40000 ALTER TABLE `diagnose` DISABLE KEYS */;
INSERT INTO `diagnose` VALUES ('CHEST_PROBLEM',NULL,'2022-02-26 18:04:40','2022-02-26 18:04:46'),('FEVER',NULL,'2022-02-26 18:04:38','2022-02-26 18:04:44'),('MALARIA',NULL,'2022-02-26 18:04:39','2022-02-26 18:04:44'),('STOMACH',NULL,'2022-02-26 18:04:40','2022-02-26 18:04:45'),('TYPHOID',NULL,'2022-02-26 18:04:39','2022-02-26 18:04:45');
/*!40000 ALTER TABLE `diagnose` ENABLE KEYS */;
UNLOCK TABLES;

--
-- Table structure for table `examination`
--

DROP TABLE IF EXISTS `examination`;
/*!40101 SET @saved_cs_client     = @@character_set_client */;
/*!50503 SET character_set_client = utf8mb4 */;
CREATE TABLE `examination` (
  `id` varchar(50) NOT NULL,
  `application_id` varchar(50) NOT NULL,
  `user_id` varchar(50) DEFAULT NULL,
  `patient_id` varchar(50) DEFAULT NULL,
  `created_at` datetime DEFAULT NULL,
  PRIMARY KEY (`id`)
) ENGINE=InnoDB DEFAULT CHARSET=utf8mb3;
/*!40101 SET character_set_client = @saved_cs_client */;

--
-- Dumping data for table `examination`
--

LOCK TABLES `examination` WRITE;
/*!40000 ALTER TABLE `examination` DISABLE KEYS */;
INSERT INTO `examination` VALUES ('01G1QH3P4FXEK2H8BZ87FKFME5','PFS','02FCZG2SXNZYGQXMPPBB8FV3ZV','0123','2022-04-28 14:28:02'),('01G1QJE2NNCBBAPHCRGR1TJ4F9','PFS','02FCZG2SXNZYGQXMPPBB8FV3ZV','0123','2022-04-28 14:51:11'),('01G1QJGT80MT93V8VNKD6QW6MA','PFS','02FCZG2SXNZYGQXMPPBB8FV3ZV','0123','2022-04-28 14:52:40'),('01G6G9NVZJ5EY845R03VK1MB4Z','PFS','02FCZG2SXNZYGQXMPPBB8FV3ZV','0123','2022-06-26 22:21:57'),('01G6G9SFP12PY9X5EV30DZV8WH','PFS','02FCZG2SXNZYGQXMPPBB8FV3ZV','0123','2022-06-26 22:23:55'),('01G6HKN9N05AV4ZRGFFK90P3XX','PFS','02FCZG2SXNZYGQXMPPBB8FV3ZV','0123','2022-06-27 10:35:38'),('01G6HKWZEFSVF9QR46395Z56Z8','KDC','02FCZG2SXNZYGQXMPPBB8FV3ZV','0123','2022-06-27 10:39:50'),('01G6HKZCVH54W4284BAM2AY2C8','KDC','02FCZG2SXNZYGQXMPPBB8FV3ZV','0123','2022-06-27 10:41:10'),('01G6SZ5F91QKKHB6FSYRXJXJKS','KDC','02FCZG2SXNZYGQXMPPBB8FV3ZV','0123','2022-06-30 16:30:39'),('01G6SZCDMKM0HKTFDK561JWQS3','PFS','02FCZG2SXNZYGQXMPPBB8FV3ZV','0123','2022-06-30 16:34:26'),('01G6SZD8PN00SKZHDA13814QPN','KDC','02FCZG2SXNZYGQXMPPBB8FV3ZV','0123','2022-06-30 16:34:54'),('01G8Z7JF7T19J9JEHH6FESRF2A','PFS','02FCZG2SXNZYGQXMPPBB8FV3ZV','0123','2022-07-27 14:05:09'),('01G8ZA7TYPSHXHP4KRTPQTASB8','PFS','02FCZG2SXNZYGQXMPPBB8FV3ZV','0123','2022-07-27 14:51:46'),('01G8ZDDTM1RM6ZYTFRHDNVPQQY','PFS','02FCZG2SXNZYGQXMPPBB8FV3ZV','0123','2022-07-27 15:47:28'),('01G8ZDE26VY5PB9MS8MV34AN40','PFS','02FCZG2SXNZYGQXMPPBB8FV3ZV','0123','2022-07-27 15:47:36'),('01G8ZDE6KP0E69E0ETX9GP9BC6','PFS','02FCZG2SXNZYGQXMPPBB8FV3ZV','0123','2022-07-27 15:47:40'),('01G8ZDEQKX9P7HYF3XTWP5AEEY','PFS','02FCZG2SXNZYGQXMPPBB8FV3ZV','01234','2022-07-27 15:47:58'),('01G8ZEVQ4RBSPTTQ7JCHSZZ40J','PFS','02FCZG2SXNZYGQXMPPBB8FV3ZV','01234','2022-07-27 16:12:32'),('01G8ZEWDSQPNFNKW9ASNMEXP56','PFS','02FCZG2SXNZYGQXMPPBB8FV3ZV','01234','2022-07-27 16:12:55'),('01G8ZF4XW5QNQ3EGGDMF3C32CX','PFS','02FCZG2SXNZYGQXMPPBB8FV3ZV','01234','2022-07-27 16:17:33'),('01G8ZF5KNYZ2PP2S4X5NFEQNJ2','PFS','02FCZG2SXNZYGQXMPPBB8FV3ZV','01234','2022-07-27 16:17:56'),('01G8ZF638MFHT9QEAVWZ4CNNS4','PFS','02FCZG2SXNZYGQXMPPBB8FV3ZV','01234','2022-07-27 16:18:12'),('01G8ZFD1D0KWMKRZF9DQNQ7BK1','PFS','02FCZG2SXNZYGQXMPPBB8FV3ZV','01234','2022-07-27 16:21:59'),('01G8ZFDDKRXS2GTN7GFZD9MB17','PFS','02FCZG2SXNZYGQXMPPBB8FV3ZV','01234','2022-07-27 16:22:12'),('01G8ZFE569C9TD3T23BEXSXDVR','PFS','02FCZG2SXNZYGQXMPPBB8FV3ZV','01234','2022-07-27 16:22:36'),('01G8ZG6DYGTMQS82A4A918PZSC','PFS','02FCZG2SXNZYGQXMPPBB8FV3ZV','01234','2022-07-27 16:35:51'),('01G8ZG7EK2P47YDWW6JWYCADSW','PFS','02FCZG2SXNZYGQXMPPBB8FV3ZV','01234','2022-07-27 16:36:25'),('01G8ZG7XMGXDKMK5DKB20B7SHW','PFS','02FCZG2SXNZYGQXMPPBB8FV3ZV','01234','2022-07-27 16:36:40'),('01G8ZG8K225W1YM15G2CNES1S9','PFS','02FCZG2SXNZYGQXMPPBB8FV3ZV','01234','2022-07-27 16:37:02'),('01G8ZGDP9YBHG8MZ7Y485AS0V5','PFS','02FCZG2SXNZYGQXMPPBB8FV3ZV','01234','2022-07-27 16:39:49'),('01G8ZGEC6F6A3PN5K3JXYG8J7Y','PFS','02FCZG2SXNZYGQXMPPBB8FV3ZV','01234','2022-07-27 16:40:12'),('01G8ZGFDH99751V3E99MW1X09P','PFS','02FCZG2SXNZYGQXMPPBB8FV3ZV','01234','2022-07-27 16:40:46'),('01G8ZGFNE48RNP1JB57QSEBASZ','PFS','02FCZG2SXNZYGQXMPPBB8FV3ZV','01234','2022-07-27 16:40:54'),('01G8ZGFWV091SS7YRV26RJ47T5','PFS','02FCZG2SXNZYGQXMPPBB8FV3ZV','01234','2022-07-27 16:41:01'),('01G8ZGG8XNMT3AD190Z1AMDFDJ','PFS','02FCZG2SXNZYGQXMPPBB8FV3ZV','01234','2022-07-27 16:41:14'),('01G8ZGGFVDVYWP8170Q3ZW5KND','PFS','02FCZG2SXNZYGQXMPPBB8FV3ZV','01234','2022-07-27 16:41:21'),('01G8ZGJXE1S6Z48A1216617NF2','PFS','02FCZG2SXNZYGQXMPPBB8FV3ZV','01234','2022-07-27 16:42:40'),('01G8ZGKFFX1KER0C3A43Z3MQM8','PFS','02FCZG2SXNZYGQXMPPBB8FV3ZV','01234','2022-07-27 16:42:59'),('01G8ZGKJQ0TEXQ5J4YH85Y20WZ','PFS','02FCZG2SXNZYGQXMPPBB8FV3ZV','01234','2022-07-27 16:43:02'),('01G8ZGKK9NR44PT47C76XVAE3T','PFS','02FCZG2SXNZYGQXMPPBB8FV3ZV','01234','2022-07-27 16:43:03'),('01G8ZGN2KE45D7C17AWEZPB5BW','PFS','02FCZG2SXNZYGQXMPPBB8FV3ZV','01234','2022-07-27 16:43:51'),('01G8ZHJSJMC2AHF7ZYHCCV3B96','PFS','02FCZG2SXNZYGQXMPPBB8FV3ZV','01234','2022-07-27 17:00:05'),('01G8ZHQ6HSQXFTYRZZB1Z37BAG','PFS','02FCZG2SXNZYGQXMPPBB8FV3ZV','01234','2022-07-27 17:02:29'),('01G8ZHREW78E9YW9GWNFA4RM5P','PFS','02FCZG2SXNZYGQXMPPBB8FV3ZV','01234','2022-07-27 17:03:11'),('01G8ZHSSN3XY58THFWF5B1VS5P','PFS','02FCZG2SXNZYGQXMPPBB8FV3ZV','01234','2022-07-27 17:03:54'),('01G8ZHT4BF6TBZVCS7SKG0PSTQ','PFS','02FCZG2SXNZYGQXMPPBB8FV3ZV','01234','2022-07-27 17:04:05'),('01G8ZHV0MYNER3ES54NXMFT0CD','PFS','02FCZG2SXNZYGQXMPPBB8FV3ZV','01234','2022-07-27 17:04:34'),('01G8ZHVYBGZC8HC9Q25R3ZPRDT','PFS','02FCZG2SXNZYGQXMPPBB8FV3ZV','01234','2022-07-27 17:05:05'),('01G8ZHYTQ13NH1NRYVPQJCFEKR','PFS','02FCZG2SXNZYGQXMPPBB8FV3ZV','01234','2022-07-27 17:06:39'),('01G8ZJ7PJ2Z5NSW8CSQE5DV8PQ','PFS','02FCZG2SXNZYGQXMPPBB8FV3ZV','01234','2022-07-27 17:11:30'),('01G8ZJ89WZTJH49B4CQ8ZNPMR8','PFS','02FCZG2SXNZYGQXMPPBB8FV3ZV','01234','2022-07-27 17:11:50'),('01G8ZJ8ZGVBB34GGZAMBPAF3Q8','PFS','02FCZG2SXNZYGQXMPPBB8FV3ZV','01234','2022-07-27 17:12:12'),('01G8ZM6XX1GXHZC4M510GVYBPG','KDC','02FCZG2SXNZYGQXMPPBB8FV3ZV','0123','2022-07-27 17:46:02'),('01G8ZM724B4CVC9VV3R1JCN4SN','KDC','02FCZG2SXNZYGQXMPPBB8FV3ZV','0123','2022-07-27 17:46:06'),('01G8ZM77FXVYW4H0B71BRSZJW2','KDC','02FCZG2SXNZYGQXMPPBB8FV3ZV','0123','2022-07-27 17:46:12'),('01G8ZMN06SDXRJSV1CH55AE3BR','PFS','02FCZG2SXNZYGQXMPPBB8FV3ZV','01234','2022-07-27 17:53:43'),('01G8ZV3EKPBE28YEJEEY0BAM3H','PFS','02FCZG2SXNZYGQXMPPBB8FV3ZV','01234','2022-07-27 19:46:28'),('01G8ZZD3STC778ZS9E48QZ7964','PFS','02FCZG2SXNZYGQXMPPBB8FV3ZV','0123','2022-07-27 21:01:39'),('01G902F76BKF2NXPSER30YW0VW','KDC','02FCZG2SXNZYGQXMPPBB8FV3ZV','0123','2022-07-27 21:55:14'),('01G908BXH4NBRBM6XXTVS4NMY7','PFS','02FCZG2SXNZYGQXMPPBB8FV3ZV','01234','2022-07-27 23:38:17'),('01G925B3C8QHJGT63M0P6X10TC','PFS','02FCZG2SXNZYGQXMPPBB8FV3ZV','01234','2022-07-28 17:23:53'),('01G92NSQW600EKEDEZFX8CB3AQ','KDC','02FCZG2SXNZYGQXMPPBB8FV3ZV','01234','2022-07-28 22:11:30'),('01G92NTKESBD6TZNE4DBAZK8GS','KDC','02FCZG2SXNZYGQXMPPBB8FV3ZV','0123','2022-07-28 22:11:59'),('01G92NTYDN81266EGYKQDJHGMS','KDC','02FCZG2SXNZYGQXMPPBB8FV3ZV','0123','2022-07-28 22:12:10'),('01G92NXS5F8KWKEXETYB5D6QGP','KDC','02FCZG2SXNZYGQXMPPBB8FV3ZV','01234','2022-07-28 22:13:43'),('01G92PWH8T1VZX899CC8S106E5','KDC','02FCZG2SXNZYGQXMPPBB8FV3ZV','01234','2022-07-28 22:30:30'),('01G92PYW7NQVS313ZRJGVTZMYJ','KDC','02FCZG2SXNZYGQXMPPBB8FV3ZV','01234','2022-07-28 22:31:47'),('01G92Q3QVSNEKZE3KKQ11Q0MN4','KDC','02FCZG2SXNZYGQXMPPBB8FV3ZV','01234','2022-07-28 22:34:27'),('01G92Q4G7AAD7AF50AJTHH8935','KDC','02FCZG2SXNZYGQXMPPBB8FV3ZV','01234','2022-07-28 22:34:51'),('01G92Q5BVTHAR9V142WRHSMWP1','KDC','02FCZG2SXNZYGQXMPPBB8FV3ZV','01234','2022-07-28 22:35:20'),('01G92Q5R9NZHTBPDV0V9VKKKQD','KDC','02FCZG2SXNZYGQXMPPBB8FV3ZV','01234','2022-07-28 22:35:33'),('01G92Q650KT47VZKCA07WPTEFA','PFS','02FCZG2SXNZYGQXMPPBB8FV3ZV','01234','2022-07-28 22:35:45'),('01G94G5FDSVNFH5QJB4C5M6QTQ','KDC','02FCZG2SXNZYGQXMPPBB8FV3ZV','0123','2022-07-29 15:11:32'),('01G94G636SWBE9PJZRGBYM0YVM','KDC','02FCZG2SXNZYGQXMPPBB8FV3ZV','0123','2022-07-29 15:11:52'),('01G94G647H0BWAJKX4VV6RRS4M','KDC','02FCZG2SXNZYGQXMPPBB8FV3ZV','0123','2022-07-29 15:11:54'),('01G94GKGRM3V464P24Z3T2GKS3','KDC','02FCZG2SXNZYGQXMPPBB8FV3ZV','0123','2022-07-29 15:19:12'),('01G94GKNTA2AJXP40BWGJB45M3','PFS','02FCZG2SXNZYGQXMPPBB8FV3ZV','0123','2022-07-29 15:19:18'),('01G94GQBEVQ107M9GF2G7KD591','KDC','02FCZG2SXNZYGQXMPPBB8FV3ZV','0123','2022-07-29 15:21:18'),('01G94HZ56B5CSP020BBGHY04D9','PFS','02FCZG2SXNZYGQXMPPBB8FV3ZV','0123','2022-07-29 15:43:02'),('01G94HZ8W5QY37J7VA6HDAC27B','KDC','02FCZG2SXNZYGQXMPPBB8FV3ZV','0123','2022-07-29 15:43:06'),('01G94PKZX3J65WCYEAC4JKHDCP','KDC','02FCZG2SXNZYGQXMPPBB8FV3ZV','0123','2022-07-29 17:04:19'),('01G94PM3HZDD7BWK199E3E2PB2','PFS','02FCZG2SXNZYGQXMPPBB8FV3ZV','0123','2022-07-29 22:00:45'),('01G958Q8GF7PV2CCMG1YN9P3JG','KDC','02FCZG2SXNZYGQXMPPBB8FV3ZV','01234','2022-07-29 22:20:41'),('01G959G452PY9BXVX4EGKS0707','KDC','02FCZG2SXNZYGQXMPPBB8FV3ZV','01G7BZ2JPKBKVDAS8Y1QD34SS6','2022-07-29 22:34:16'),('01G959G5VFWJR23MN8N438RCVS','PFS','02FCZG2SXNZYGQXMPPBB8FV3ZV','01G7BZ2JPKBKVDAS8Y1QD34SS6','2022-07-29 22:34:17'),('01G97JW69EH07BTA405853GZ7V','PFS','01G7SMFHQKE9VGDS5H31XW0VTF','0123','2022-07-30 19:56:37'),('01G97JWB1KQ0105MJMT00FK1HX','KDC','01G7SMFHQKE9VGDS5H31XW0VTF','0123','2022-07-30 19:56:42'),('01G97QEAQTA0DERKV499N7SZ4W','PFS','02FCZG2SXNZYGQXMPPBB8FV3ZV','0123','2022-07-30 21:16:26'),('01G9FCSPG1CHAWSHFA91BT2P90','PFS','01G7SMFHQKE9VGDS5H31XW0VTF','0123','2022-08-02 20:44:19'),('01G9FCTX9BF2SHVAGH5X0BKYYA','KDC','01G7SMFHQKE9VGDS5H31XW0VTF','0123','2022-08-02 20:44:59'),('01G9FCWHCJSSQ6KHE5QCMANEYR','KDC','01G7SMFHQKE9VGDS5H31XW0VTF','0123','2022-08-02 20:45:52'),('01G9FCYNNQHRSBMXHAP5647GWA','PFS','01G7SMFHQKE9VGDS5H31XW0VTF','0123','2022-08-02 20:47:02'),('01G9FCZ557Q42JHYPTZ2VRK53R','KDC','01G7SMFHQKE9VGDS5H31XW0VTF','0123','2022-08-02 20:47:18'),('01G9FDWH631RTJK93FAS7P7WWF','PFS','01G7SMFHQKE9VGDS5H31XW0VTF','0123','2022-08-02 21:03:21'),('01G9FDX35H4CMD7AJS43K0X426','KDC','01G7SMFHQKE9VGDS5H31XW0VTF','0123','2022-08-02 21:03:39'),('01G9FDZCSJNHFY977STT365E9G','PFS','01G7SMFHQKE9VGDS5H31XW0VTF','0123','2022-08-02 21:04:54'),('01G9FEDBD6TYC3KQBW1JZCFDS1','PFS','01G7SMFHQKE9VGDS5H31XW0VTF','0123','2022-08-02 21:12:32'),('01G9FEE3GRV0WJ7K67ZAPSNWPY','KDC','01G7SMFHQKE9VGDS5H31XW0VTF','0123','2022-08-02 21:12:57'),('01G9FEH6K5J50043WFAV548869','PFS','01G7SMFHQKE9VGDS5H31XW0VTF','0123','2022-08-02 21:14:38'),('01G9FESB4F1KX8CB689E1J9MW9','PFS','01G7SMFHQKE9VGDS5H31XW0VTF','62c7d2f6fc13ae456b00125e','2022-08-02 21:19:05'),('01G9FETFTRFJ3QZ75C8K6PWA0J','KDC','01G7SMFHQKE9VGDS5H31XW0VTF','62c7d2f6fc13ae456b00125e','2022-08-02 21:19:42'),('01G9FEVKV650GE2Q7VTW1YF0VP','KDC','01G7SMFHQKE9VGDS5H31XW0VTF','62c7d2f6fc13ae456b00125e','2022-08-02 21:20:19'),('01G9FEW71CX321A6ECYN4ZDM33','KDC','01G7SMFHQKE9VGDS5H31XW0VTF','62c7d2f6fc13ae456b00125e','2022-08-02 21:20:39'),('01G9FEWCHKDV6J8R55PYRKQSZ5','KDC','01G7SMFHQKE9VGDS5H31XW0VTF','62c7d2f6fc13ae456b00125e','2022-08-02 21:20:45'),('01G9FEWM2G6B8C67B5E8V3XCQ5','KDC','01G7SMFHQKE9VGDS5H31XW0VTF','62c7d2f6fc13ae456b00125e','2022-08-02 21:20:52'),('01G9FEZGA9MXQ8N0B3092HYQZJ','KDC','01G7SMFHQKE9VGDS5H31XW0VTF','62c7d2f6fc13ae456b00125e','2022-08-02 21:22:27'),('01G9FF04XZNACDHE6PD53EVCA3','KDC','01G7SMFHQKE9VGDS5H31XW0VTF','62c7d2f6fc13ae456b00125e','2022-08-02 21:22:48'),('01G9FF5V5X8G42R4KPKJQHH9QW','KDC','01G7SMFHQKE9VGDS5H31XW0VTF','62c7d2f6fc13ae456b00125e','2022-08-02 21:25:54'),('01G9FF88HGHV21CZB3KMQVG2DG','PFS','01G7SMFHQKE9VGDS5H31XW0VTF','62c7d2f6fc13ae456b00125e','2022-08-02 21:27:14'),('01G9FFACFRYCV510A6RJKRB697','PFS','01G7SMFHQKE9VGDS5H31XW0VTF','01G7BZ2JPKBKVDAS8Y1QD34SS6','2022-08-02 21:28:23'),('01G9FFAFB1JKDM255NCA6Q7RV0','KDC','01G7SMFHQKE9VGDS5H31XW0VTF','01G7BZ2JPKBKVDAS8Y1QD34SS6','2022-08-02 21:28:26'),('01G9JA1Z9B96MRQX4S7A5NXSPS','PFS','02FCZG2SXNZYGQXMPPBB8FV3ZV','62c7d2f6fc13ae456b00125e','2022-08-03 23:54:08'),('01G9JA3GWEC8NT691Q9D3ADJRZ','KDC','02FCZG2SXNZYGQXMPPBB8FV3ZV','62c7d2f6fc13ae456b00125e','2022-08-03 23:54:59'),('01G9JBGZSCKJZVQRXWQ7PHC62N','PFS','02FCZG2SXNZYGQXMPPBB8FV3ZV','0123','2022-08-04 00:19:49'),('01G9JHXP7689XDANGSE7ZP7PXQ','PFS','02FCZG2SXNZYGQXMPPBB8FV3ZV','0123','2022-08-03 19:11:36'),('01G9JJDK3KBRGN10E2HHTSZA47','KDC','02FCZG2SXNZYGQXMPPBB8FV3ZV','0123','2022-08-03 19:20:17'),('01G9JJDQCZ1Q31VF1J6MXRAQZ7','PFS','02FCZG2SXNZYGQXMPPBB8FV3ZV','0123','2022-08-03 19:20:22'),('01G9JJH1ME3V7ENKZYD55WG182','PFS','02FCZG2SXNZYGQXMPPBB8FV3ZV','0123','2022-08-04 02:22:11'),('01G9JJH4BV77FJPADJWCQ3G7DD','KDC','02FCZG2SXNZYGQXMPPBB8FV3ZV','0123','2022-08-04 02:22:13'),('01G9KD6TM0YNK0XWN1R0X83ZKT','PFS','02FCZG2SXNZYGQXMPPBB8FV3ZV','0123','2022-08-04 10:08:27'),('01G9KD6XNR3CXX727J1V5HAQ4E','KDC','02FCZG2SXNZYGQXMPPBB8FV3ZV','0123','2022-08-04 10:08:30'),('01G9KH4KKBM0GT416738SFYFSM','KDC','01G7SMFHQKE9VGDS5H31XW0VTF','0123','2022-08-04 11:17:09'),('01G9KH7P6ARS1MW2CNCM6YA7WP','PFS','01G7SMFHQKE9VGDS5H31XW0VTF','0123','2022-08-04 11:18:50'),('01G9KH8GRA7D0346667ZGP6CK7','KDC','01G7SMFHQKE9VGDS5H31XW0VTF','0123','2022-08-04 11:19:17'),('01G9KHWQJ0JN8WJ21FZSJNY2SH','PFS','01G7SMFHQKE9VGDS5H31XW0VTF','0123','2022-08-04 11:30:19'),('01G9KHZ4WGHS59PABPG3F7HNZG','PFS','02FCZG2SXNZYGQXMPPBB8FV3ZV','0123','2022-08-04 11:31:38'),('01G9MJXA5CTEFY3395K3AG9FSY','PFS','02FCZG2SXNZYGQXMPPBB8FV3ZV','0123','2022-08-04 21:07:21'),('01G9MK8DYBW9G6N6RY50YQM9CR','PFS','02FCZG2SXNZYGQXMPPBB8FV3ZV','0123','2022-08-04 21:13:26'),('01G9MK8TBWQJ150MEFZ6FSESC3','PFS','02FCZG2SXNZYGQXMPPBB8FV3ZV','0123','2022-08-04 21:13:38'),('01G9MKB4HP3H51ZTYH3PMYNPS0','PFS','02FCZG2SXNZYGQXMPPBB8FV3ZV','0123','2022-08-04 21:14:54'),('01G9MKBA7ZTFDQE63S30EBH3XW','PFS','02FCZG2SXNZYGQXMPPBB8FV3ZV','0123','2022-08-04 21:15:00'),('01G9MKBGVX949EJQ3GDAQ6JQF4','PFS','02FCZG2SXNZYGQXMPPBB8FV3ZV','0123','2022-08-04 21:15:07'),('01G9MKBRPB9HT0DMBQNASQHQFR','PFS','02FCZG2SXNZYGQXMPPBB8FV3ZV','0123','2022-08-04 21:15:15'),('01G9MKC6A0G3GA0B07S7TPAPPH','PFS','02FCZG2SXNZYGQXMPPBB8FV3ZV','0123','2022-08-04 21:15:29'),('01G9MKCN3WH3ND49D8VTXGBDHT','PFS','02FCZG2SXNZYGQXMPPBB8FV3ZV','0123','2022-08-04 21:15:44'),('01G9MKCTKCCBBASE4251JZ984Z','PFS','02FCZG2SXNZYGQXMPPBB8FV3ZV','0123','2022-08-04 21:15:50'),('01G9MKD1911V7DM01MA7QMP604','PFS','02FCZG2SXNZYGQXMPPBB8FV3ZV','0123','2022-08-04 21:15:56'),('01G9MKD5W3EE0S3MZ4YTHGYRHR','PFS','02FCZG2SXNZYGQXMPPBB8FV3ZV','0123','2022-08-04 21:16:01'),('01G9MKDAN1GAX68VCPCVQ5SXJ9','PFS','02FCZG2SXNZYGQXMPPBB8FV3ZV','0123','2022-08-04 21:16:06'),('01G9MKDDZBKADKFCP1N7NST29T','PFS','02FCZG2SXNZYGQXMPPBB8FV3ZV','0123','2022-08-04 21:16:09'),('01G9MKDM575TM7FWGZRJ4PXCFK','PFS','02FCZG2SXNZYGQXMPPBB8FV3ZV','0123','2022-08-04 21:16:16'),('01G9MKDTNVMKDKCAP47FFNHP3R','PFS','02FCZG2SXNZYGQXMPPBB8FV3ZV','0123','2022-08-04 21:16:22'),('01G9MMDT8FCA59JG9EAYM4S2KM','PFS','02FCZG2SXNZYGQXMPPBB8FV3ZV','0123','2022-08-04 14:33:51'),('01G9MMDWRWJYFHNFGY5H6XQ0RH','KDC','02FCZG2SXNZYGQXMPPBB8FV3ZV','0123','2022-08-04 14:33:53');
/*!40000 ALTER TABLE `examination` ENABLE KEYS */;
UNLOCK TABLES;

--
-- Table structure for table `hedge_algebra_config`
--

DROP TABLE IF EXISTS `hedge_algebra_config`;
/*!40101 SET @saved_cs_client     = @@character_set_client */;
/*!50503 SET character_set_client = utf8mb4 */;
CREATE TABLE `hedge_algebra_config` (
  `application_id` varchar(50) NOT NULL,
  `name` varchar(50) NOT NULL,
  `fm` double DEFAULT NULL,
  `type` varchar(50) DEFAULT NULL,
  `linguistic_order` int(11) DEFAULT NULL,
  `created_at` datetime DEFAULT NULL,
  `updated_at` datetime DEFAULT NULL,
  PRIMARY KEY (`application_id`,`name`)
) ENGINE=InnoDB DEFAULT CHARSET=utf8mb3;
/*!40101 SET character_set_client = @saved_cs_client */;

--
-- Dumping data for table `hedge_algebra_config`
--

LOCK TABLES `hedge_algebra_config` WRITE;
/*!40000 ALTER TABLE `hedge_algebra_config` DISABLE KEYS */;
INSERT INTO `hedge_algebra_config` VALUES ('KDC','HIGH',0.5,'GENERATOR',1,'2022-04-28 16:28:08','2022-07-26 17:56:39'),('KDC','LITTLE',0.2,'HEDGE',-2,'2022-04-28 16:33:55',NULL),('KDC','LOW',0.5,'GENERATOR',-1,'2022-04-28 16:27:44','2022-07-26 17:56:39'),('KDC','MEDIUM',0.5,'GENERATOR',0,'2022-04-28 16:28:23','2022-07-26 17:56:39'),('KDC','MORE',0.25,'HEDGE',1,'2022-04-28 16:28:35',NULL),('KDC','POSSIBLE',0.2,'HEDGE',-1,'2022-04-28 16:33:56',NULL),('KDC','VERY',0.35,'HEDGE',2,'2022-04-28 16:33:54',NULL),('PFS','COMPLETELY',1,'GENERATOR',99,'2022-04-18 22:30:27',NULL),('PFS','HIGH',0.57,'GENERATOR',1,'2022-04-18 22:30:25','2022-08-04 21:13:33'),('PFS','LOW',0.43,'GENERATOR',-1,'2022-04-18 22:30:23','2022-08-04 21:13:33'),('PFS','MEDIUM',0.43,'GENERATOR',0,'2022-04-18 22:30:24','2022-08-04 21:13:33'),('PFS','NONE',0,'GENERATOR',-99,'2022-04-18 22:30:20',NULL),('PFS','SLIGHTLY',0.56,'HEDGE',-1,'2022-04-18 22:30:23','2022-08-04 21:13:33'),('PFS','VERY',0.44,'HEDGE',1,'2022-04-18 22:30:22','2022-08-04 21:13:33');
/*!40000 ALTER TABLE `hedge_algebra_config` ENABLE KEYS */;
UNLOCK TABLES;

--
-- Table structure for table `kdc_domain`
--

DROP TABLE IF EXISTS `kdc_domain`;
/*!40101 SET @saved_cs_client     = @@character_set_client */;
/*!50503 SET character_set_client = utf8mb4 */;
CREATE TABLE `kdc_domain` (
  `name` varchar(50) NOT NULL,
  `max` double DEFAULT NULL,
  `min` double DEFAULT NULL,
  `description` text DEFAULT NULL,
  PRIMARY KEY (`name`)
) ENGINE=InnoDB DEFAULT CHARSET=utf8mb3;
/*!40101 SET character_set_client = @saved_cs_client */;

--
-- Dumping data for table `kdc_domain`
--

LOCK TABLES `kdc_domain` WRITE;
/*!40000 ALTER TABLE `kdc_domain` DISABLE KEYS */;
INSERT INTO `kdc_domain` VALUES ('ALBUMIN',141.7,-1,'Albuminuria level'),('CREATININ',2981,4.26,'Creatinine level'),('HCT',126,11.3,'HCT-: Haematocrit level'),('HGB',186,3.87,'Hemoglobin level'),('K',172.1,5.3,'K+: Potassium level'),('LY',98,0.5,'LY%--: Lymphocyte count'),('NA',172.1,5.3,'Na+: Sodium level'),('NE',98,0.01,'NE%+: Neutrophils level'),('PLT',1546,13,'Platelets level'),('RBC',42,1.33,'Red blood cells level'),('TOTAL_PROTEIN',121,29,'Total protein level'),('URE',107,0.5,'Ure level'),('WBC',71.48,1.11,'WBC+: White blood cells count');
/*!40000 ALTER TABLE `kdc_domain` ENABLE KEYS */;
UNLOCK TABLES;

--
-- Table structure for table `kdc_examination_result`
--

DROP TABLE IF EXISTS `kdc_examination_result`;
/*!40101 SET @saved_cs_client     = @@character_set_client */;
/*!50503 SET character_set_client = utf8mb4 */;
CREATE TABLE `kdc_examination_result` (
  `examination_id` varchar(50) NOT NULL,
  `WBC_value` double DEFAULT NULL,
  `LY_value` double DEFAULT NULL,
  `NE_value` double DEFAULT NULL,
  `RBC_value` double DEFAULT NULL,
  `HGB_value` double DEFAULT NULL,
  `HCT_value` double DEFAULT NULL,
  `PLT_value` double DEFAULT NULL,
  `NA_value` double DEFAULT NULL,
  `K_value` double DEFAULT NULL,
  `Total_Protein_value` double DEFAULT NULL,
  `Albumin_value` double DEFAULT NULL,
  `Ure_value` double DEFAULT NULL,
  `Creatinin_value` double DEFAULT NULL,
  `result` varchar(50) DEFAULT NULL,
  PRIMARY KEY (`examination_id`)
) ENGINE=InnoDB DEFAULT CHARSET=utf8mb3;
/*!40101 SET character_set_client = @saved_cs_client */;

--
-- Dumping data for table `kdc_examination_result`
--

LOCK TABLES `kdc_examination_result` WRITE;
/*!40000 ALTER TABLE `kdc_examination_result` DISABLE KEYS */;
INSERT INTO `kdc_examination_result` VALUES ('01G6HKWZEFSVF9QR46395Z56Z8',50,40,36,78,100,40,40,150,60,121,47,68,2981.0000000000005,'N18'),('01G6HKZCVH54W4284BAM2AY2C8',50,40,36,78,100,40,40,150,60,121,47,68,2981,'N18'),('01G6SZ5F91QKKHB6FSYRXJXJKS',50,40,36,78,100,40,40,150,60,121,47,68,2981,'N18'),('01G6SZD8PN00SKZHDA13814QPN',50,40,36,78,100,40,40,150,60,121,47,68,2981,'N18'),('01G8ZM6XX1GXHZC4M510GVYBPG',50,40,36,78,100,40,40,150,60,121,47,68,2981,'N18'),('01G8ZM724B4CVC9VV3R1JCN4SN',50,40,36,78,100,40,40,150,60,121,47,68,2981,'N18'),('01G8ZM77FXVYW4H0B71BRSZJW2',50,40,36,78,100,40,40,150,60,121,47,68,2981,'N18'),('01G902F76BKF2NXPSER30YW0VW',50,40,36,78,100,40,40,150,60,121,47,68,2981,'N18'),('01G92NSQW600EKEDEZFX8CB3AQ',0,0,21.51,0,0,107.56,0,0,0,121,125,0,0,'N00'),('01G92NTKESBD6TZNE4DBAZK8GS',0,0,21.51,0,0,107.56,0,0,0,121,125,0,0,'N00'),('01G92NTYDN81266EGYKQDJHGMS',50,40,36,78,100,40,40,150,60,121,47,68,2981,'N18'),('01G92NXS5F8KWKEXETYB5D6QGP',0,0,0,0,0,0,0,0,0,0,0,0,0,'N00'),('01G92PWH8T1VZX899CC8S106E5',0,0,0,0,0,0,0,0,0,0,0,0,0,'N00'),('01G92PYW7NQVS313ZRJGVTZMYJ',50,40,36,78,100,40,40,150,60,121,47,68,2726.52,'N18'),('01G92Q3QVSNEKZE3KKQ11Q0MN4',50,40,36,78,100,40,40,150,60,121,47,68,2726.52,'N18'),('01G92Q4G7AAD7AF50AJTHH8935',50,40,36,78,100,40,40,150,60,121,47,68,2726.52,'N18'),('01G92Q5BVTHAR9V142WRHSMWP1',50,40,36,78,100,40,40,150,60,121,47,68,2726.52,'N18'),('01G92Q5R9NZHTBPDV0V9VKKKQD',50,40,36,78,100,40,40,150,60,121,47,68,2726.52,'N18'),('01G94G5FDSVNFH5QJB4C5M6QTQ',50,40,36,78,100,40,40,150,60,121,47,68,2981,'N17'),('01G94G636SWBE9PJZRGBYM0YVM',50,40,36,78,100,40,40,150,60,121,47,68,2981,'N17'),('01G94G647H0BWAJKX4VV6RRS4M',50,40,36,78,100,40,40,150,60,121,47,68,2981,'N17'),('01G94GKGRM3V464P24Z3T2GKS3',50,40,36,78,100,40,40,150,60,121,47,68,2981,'N17'),('01G94GQBEVQ107M9GF2G7KD591',50,40,36,78,100,40,40,150,60,121,47,68,2981,'N17'),('01G94HZ8W5QY37J7VA6HDAC27B',50,40,36,78,100,40,40,150,60,121,47,68,2726.52,'N17'),('01G94PKZX3J65WCYEAC4JKHDCP',50,40,36,78,100,40,40,150,60,121,47,68,2726.52,'N18'),('01G958Q8GF7PV2CCMG1YN9P3JG',50,40,36,78,100,40,40,150,60,121,47,68,2726.52,'N18'),('01G959G452PY9BXVX4EGKS0707',50,40,36,78,100,40,40,150,60,121,47,68,2726.52,'N18'),('01G97JWB1KQ0105MJMT00FK1HX',50,40,36,78,100,40,40,150,60,121,47,68,2726.52,'N18'),('01G9FCTX9BF2SHVAGH5X0BKYYA',50,40,36,78,100,40,40,150,60,121,47,68,2726.52,'N18'),('01G9FCWHCJSSQ6KHE5QCMANEYR',50,40,36,78,100,40,40,150,60,121,47,68,2726.52,'N18'),('01G9FCZ557Q42JHYPTZ2VRK53R',50,40,36,78,100,40,40,150,60,121,47,68,2726.52,'N18'),('01G9FDX35H4CMD7AJS43K0X426',50,40,36,78,100,40,40,150,60,121,47,68,2726.52,'N18'),('01G9FEE3GRV0WJ7K67ZAPSNWPY',50,40,36,78,100,40,40,150,60,121,47,68,2726.52,'N18'),('01G9FETFTRFJ3QZ75C8K6PWA0J',50,40,36,78,100,40,40,150,60,121,47,68,2726.52,'N18'),('01G9FEVKV650GE2Q7VTW1YF0VP',50,40,36,78,100,27.66,40,37.78,37.78,121,47,68,2726.52,'N18'),('01G9FEW71CX321A6ECYN4ZDM33',43.59,40,36,25.61,100,27.66,40,104.94,104.94,73.78,86.4,65.24,1817.68,'N18'),('01G9FEWCHKDV6J8R55PYRKQSZ5',43.59,40,36,25.61,100,76.83,40,104.94,104.94,73.78,86.4,65.24,1817.68,'N18'),('01G9FEWM2G6B8C67B5E8V3XCQ5',0,40,36,0,100,0,40,0,0,0,0,0,0,'N04'),('01G9FEZGA9MXQ8N0B3092HYQZJ',15.69,21.51,21.51,9.22,40.83,27.66,339.37,37.78,37.78,121,31.1,23.49,654.37,'N18'),('01G9FF04XZNACDHE6PD53EVCA3',43.59,59.76,59.76,25.61,113.41,76.83,942.68,104.94,104.94,73.78,86.4,65.24,1817.68,'N18'),('01G9FF5V5X8G42R4KPKJQHH9QW',6,38.7,54.5,5.21,11,34,296,137.35,3.8,77.8,41.8,7,84,'N00'),('01G9FFAFB1JKDM255NCA6Q7RV0',50,40,36,78,100,40,40,150,60,121,47,68,2726.52,'N18'),('01G9JA3GWEC8NT691Q9D3ADJRZ',50,40,36,78,100,40,40,150,60,121,47,68,2726.52,'N18'),('01G9JJDK3KBRGN10E2HHTSZA47',50,40,36,78,100,40,40,150,60,121,47,68,2726.52,'N18'),('01G9JJH4BV77FJPADJWCQ3G7DD',50,40,36,78,100,40,40,150,60,121,47,68,2726.52,'N18'),('01G9KD6XNR3CXX727J1V5HAQ4E',50,40,36,78,100,40,40,150,60,121,47,68,2726.52,'N18'),('01G9KH4KKBM0GT416738SFYFSM',50,40,36,78,100,40,40,150,60,121,47,68,2726.52,'N18'),('01G9KH8GRA7D0346667ZGP6CK7',50,40,36,78,100,40,40,150,60,121,47,68,2726.52,'N18'),('01G9MMDWRWJYFHNFGY5H6XQ0RH',50,40,36,78,100,40,40,150,60,121,47,68,2726.52,'N18');
/*!40000 ALTER TABLE `kdc_examination_result` ENABLE KEYS */;
UNLOCK TABLES;

--
-- Table structure for table `linguistic_domain`
--

DROP TABLE IF EXISTS `linguistic_domain`;
/*!40101 SET @saved_cs_client     = @@character_set_client */;
/*!50503 SET character_set_client = utf8mb4 */;
CREATE TABLE `linguistic_domain` (
  `application_id` varchar(50) NOT NULL,
  `name` varchar(50) NOT NULL,
  `fm` double DEFAULT NULL,
  `v` double DEFAULT NULL,
  `linguistic_order` int(11) DEFAULT NULL,
  `created_at` datetime DEFAULT NULL,
  `updated_at` datetime DEFAULT NULL,
  PRIMARY KEY (`application_id`,`name`)
) ENGINE=InnoDB DEFAULT CHARSET=utf8mb3;
/*!40101 SET character_set_client = @saved_cs_client */;

--
-- Dumping data for table `linguistic_domain`
--

LOCK TABLES `linguistic_domain` WRITE;
/*!40000 ALTER TABLE `linguistic_domain` DISABLE KEYS */;
INSERT INTO `linguistic_domain` VALUES ('KDC','HIGH',0.5,0.7,3,'2022-04-29 15:07:16','2022-07-26 17:56:39'),('KDC','LITTLE_HIGH',0.1,0.58,1,'2022-04-28 16:37:39','2022-07-26 17:56:39'),('KDC','LITTLE_LOW',0.1,0.42,-1,'2022-04-28 16:37:37','2022-07-26 17:56:39'),('KDC','LOW',0.5,0.3,-3,'2022-04-29 15:07:15','2022-07-26 17:56:39'),('KDC','MEDIUM',0.5,0.5,0,'2022-04-28 16:37:38','2022-07-26 17:56:39'),('KDC','MORE_HIGH',0.125,0.75,4,'2022-04-28 16:37:40','2022-07-26 17:56:39'),('KDC','MORE_LOW',0.125,0.25,-4,'2022-04-28 16:37:36','2022-07-26 17:56:39'),('KDC','POSSIBLE_HIGH',0.1,0.64,2,'2022-04-28 16:37:39','2022-07-26 17:56:39'),('KDC','POSSIBLE_LOW',0.1,0.36,-2,'2022-04-28 16:37:37','2022-07-26 17:56:39'),('KDC','VERY_HIGH',0.175,0.82,5,'2022-04-28 16:37:41','2022-07-26 17:56:39'),('KDC','VERY_LOW',0.175,0.18,-5,'2022-04-28 16:37:35','2022-07-26 17:56:39'),('PFS','COMPLETELY',1,1,99,'2022-04-18 22:54:51',NULL),('PFS','HIGH',0.57,0.671,2,'2022-04-18 22:54:49','2022-08-04 21:13:33'),('PFS','LOW',0.43,0.189,-1,'2022-04-18 22:54:47','2022-08-04 21:13:33'),('PFS','MEDIUM',0.43,0.43,0,'2022-04-18 22:54:48','2022-08-04 21:13:33'),('PFS','NONE',0,0,-99,'2022-04-18 22:54:44',NULL),('PFS','SLIGHTLY_HIGH',0.319,0.609,1,'2022-04-18 22:54:49','2022-08-04 21:13:33'),('PFS','SLIGHTLY_LOW',0.241,0.295,-2,'2022-04-18 22:54:46','2022-08-04 21:13:33'),('PFS','VERY_HIGH',0.251,0.89,3,'2022-04-18 22:54:50','2022-08-04 21:13:33'),('PFS','VERY_LOW',0.189,0.083,-3,'2022-04-18 22:54:48','2022-08-04 21:13:33');
/*!40000 ALTER TABLE `linguistic_domain` ENABLE KEYS */;
UNLOCK TABLES;

--
-- Table structure for table `patient`
--

DROP TABLE IF EXISTS `patient`;
/*!40101 SET @saved_cs_client     = @@character_set_client */;
/*!50503 SET character_set_client = utf8mb4 */;
CREATE TABLE `patient` (
  `id` varchar(50) NOT NULL,
  `name` varchar(100) NOT NULL,
  `birth_date` date DEFAULT NULL,
  `gender` varchar(50) DEFAULT NULL,
  `avatar` varchar(100) DEFAULT NULL,
  `created_at` datetime DEFAULT NULL,
  `updated_at` datetime DEFAULT NULL,
  `phoneNo` varchar(20) DEFAULT NULL,
  `email` varchar(100) DEFAULT NULL,
  `address` varchar(250) DEFAULT NULL,
  PRIMARY KEY (`id`)
) ENGINE=InnoDB DEFAULT CHARSET=utf8mb3;
/*!40101 SET character_set_client = @saved_cs_client */;

--
-- Dumping data for table `patient`
--

LOCK TABLES `patient` WRITE;
/*!40000 ALTER TABLE `patient` DISABLE KEYS */;
INSERT INTO `patient` VALUES ('0123','Pham Van Khoa','1987-05-21','MALE','http://127.0.0.1:8080/media/patient/01G8WBHG8HQMTTBVMH8D55450W.png','2022-04-27 17:32:29','2022-07-26 11:16:48','0123768512','khoa@gmail.com','6 Mallard Alley'),('01234','Tran Le Hoang','1933-03-02','MALE','http://127.0.0.1:8080/media/patient/01G8WCDZ3VH5GD1C6P4MMDCGGT.png','2022-07-26 10:46:04','2022-07-26 11:32:39','0129836722','sonkhoa@gmail.com','Nam Tu Liem, Ha Noi, Vietnam'),('01G7BZ1EFAEXZHPRZC1PJ1TT4C','tran hai son2','1937-03-12','MALE',NULL,'2022-07-07 16:14:46','2022-07-07 16:14:46','0129836728','son@gmail.com2','667 Continental Place'),('01G7BZ1EFAEXZHPRZC1PJ1TT4D','Pham Van Khoa','1987-05-21','MALE',NULL,'2022-04-27 17:32:29',NULL,'0293738275','khoa@gmail.com','7296 Sachs Way'),('01G7BZ1EFAEXZHPRZC1PJ1TT4P','tran hai son','1987-03-12','MALE',NULL,'2022-07-07 16:12:47','2022-07-07 16:12:47','0129836728','son@gmail.com','741 Forest Place'),('01G7BZ24N3FWS3EZKJGCPKTD0E','vu hai dang','1937-03-12','MALE',NULL,'2022-07-07 16:15:09','2022-07-07 16:15:09','0129836728','son@gmail.2','64 Stoughton Pass'),('01G7BZ2JPKBKVDAS8Y1QD34SS6','hoang tuan anh van','1937-03-12','MALE',NULL,'2022-07-07 16:15:23','2022-07-07 16:15:23','0129836722','son@gmail.com3','62 Briar Crest Drive'),('01G7TWSGWZKCK303JRMFHBBCYG','Trần Lê Hoàng','1970-01-01','MALE',NULL,'2022-07-13 11:24:06','2022-07-13 11:24:06','0327213112','lehoangtran289@gmail.com','Số 47, ngõ 140, Khuất Duy Tiến, Thanh Xuân, Hà Nội'),('62c7d2f6fc13ae456b00125c','Darla Becket','1978-07-23','FEMALE',NULL,'2022-01-23 00:00:00',NULL,'390-522-7800','dbecket0@harvard.edu','667 Continental Place'),('62c7d2f6fc13ae456b00125d','Dara Skudder','2008-07-01','FEMALE',NULL,'2022-04-10 00:00:00',NULL,'212-417-6540','dskudder1@sina.com.cn','0960 Fordem Avenue'),('62c7d2f6fc13ae456b00125e','Juline Marde','1986-08-07','FEMALE','http://127.0.0.1:8080/media/patient/01G9FERDVM37Q9P30895WHDE27.png','2022-04-14 00:00:00','2022-08-02 21:18:35','576-255-8178','jmarde2@smh.com.au','5605 Troy Parkway'),('62c7d2f6fc13ae456b00125f','Ange Ivie','1965-11-08','MALE',NULL,'2021-11-15 00:00:00',NULL,'203-149-5679','aivie3@washingtonpost.com','3 Melby Crossing'),('62c7d2f6fc13ae456b001260','Beniamino Torrie','1963-06-08','MALE',NULL,'2022-05-20 00:00:00',NULL,'907-969-1402','btorrie4@edublogs.org','7296 Sachs Way'),('62c7d2f6fc13ae456b001261','Hobard Synan','1980-12-22','MALE',NULL,'2022-06-19 00:00:00',NULL,'858-513-8434','hsynan5@blogger.com','0 Anderson Terrace'),('62c7d2f6fc13ae456b001262','Waneta Codman','2005-09-01','FEMALE',NULL,'2022-01-13 00:00:00',NULL,'714-566-6874','wcodman6@printfriendly.com','73 Ryan Street'),('62c7d2f6fc13ae456b001263','Wilmar Duignan','1979-10-02','MALE',NULL,'2022-06-30 00:00:00',NULL,'748-723-8454','wduignan7@sakura.ne.jp','6 Mallard Alley'),('62c7d2f6fc13ae456b001264','Nathanil Graine','1959-10-28','MALE',NULL,'2021-11-29 00:00:00',NULL,'185-233-9188','ngraine8@msu.edu','722 Almo Pass'),('62c7d2f6fc13ae456b001265','Samson Kitchener','1972-12-23','MALE',NULL,'2021-09-05 00:00:00',NULL,'581-721-0937','skitchener9@cbc.ca','30 Eastwood Terrace'),('62c7d2f6fc13ae456b001266','Isidor Shimmans','2001-01-25','MALE',NULL,'2022-01-14 00:00:00',NULL,'758-357-2869','ishimmansa@booking.com','741 Forest Place'),('62c7d2f6fc13ae456b001267','Ross Galloway','1976-12-14','MALE',NULL,'2021-10-04 00:00:00',NULL,'786-291-7827','rgallowayb@dedecms.com','2014 Ramsey Road'),('62c7d2f6fc13ae456b001268','Yolande Abbie','1995-12-19','FEMALE',NULL,'2021-08-25 00:00:00',NULL,'239-558-2012','yabbiec@google.de','0781 Canary Alley'),('62c7d2f6fc13ae456b001269','Lorrayne Sharrem','1952-12-15','FEMALE',NULL,'2022-03-31 00:00:00',NULL,'826-626-4075','lsharremd@umn.edu','6432 Blue Bill Park Court'),('62c7d2f6fc13ae456b00126a','Kial Merrill','1972-03-09','FEMALE',NULL,'2021-08-10 00:00:00',NULL,'759-655-4747','kmerrille@youku.com','3223 Karstens Trail'),('62c7d2f6fc13ae456b00126b','Rebekah Bradneck','1970-04-15','FEMALE',NULL,'2022-01-21 00:00:00',NULL,'544-286-9356','rbradneckf@blogger.com','3 Kropf Parkway'),('62c7d2f6fc13ae456b00126c','Mortie McCandie','1971-03-06','MALE',NULL,'2022-03-09 00:00:00',NULL,'705-194-1390','mmccandieg@nhs.uk','64 Stoughton Pass'),('62c7d2f6fc13ae456b00126d','Bowie Bart','1993-03-06','MALE',NULL,'2021-07-27 00:00:00',NULL,'125-406-4543','bbarth@illinois.edu','89 Goodland Crossing'),('62c7d2f6fc13ae456b00126e','Christian Knutton','1994-09-29','MALE',NULL,'2021-11-29 00:00:00',NULL,'334-221-2002','cknuttoni@yellowbook.com','47012 Center Alley'),('62c7d2f6fc13ae456b00126f','Willyt Andrzejowski','1957-02-05','FEMALE',NULL,'2022-06-25 00:00:00',NULL,'749-236-2478','wandrzejowskij@smh.com.au','43189 Ridge Oak Street'),('62c7d2f6fc13ae456b001270','Bronnie Delph','1983-07-12','MALE',NULL,'2021-12-27 00:00:00',NULL,'794-440-5647','bdelphk@time.com','2134 Derek Terrace'),('62c7d2f6fc13ae456b001271','Penn Beckford','1983-05-04','MALE',NULL,'2022-04-08 00:00:00',NULL,'295-422-8526','pbeckfordl@answers.com','04 Brentwood Parkway'),('62c7d2f6fc13ae456b001272','Gan Edy','1980-05-13','MALE',NULL,'2021-12-31 00:00:00',NULL,'417-212-2155','gedym@seattletimes.com','976 Fieldstone Junction'),('62c7d2f6fc13ae456b001273','Wilhelmine Jencey','1979-08-09','FEMALE',NULL,'2021-11-24 00:00:00',NULL,'595-696-0688','wjenceyn@linkedin.com','0785 Armistice Terrace'),('62c7d2f6fc13ae456b001274','Maren Stark','1971-11-11','FEMALE',NULL,'2022-03-10 00:00:00',NULL,'332-482-9234','mstarko@bizjournals.com','525 Vera Road'),('62c7d2f6fc13ae456b001275','Zuzana Desport','2008-01-31','FEMALE',NULL,'2021-12-29 00:00:00',NULL,'548-659-9916','zdesportp@paypal.com','92 Ruskin Center'),('62c7d2f6fc13ae456b001276','Maire Girardet','1975-05-25','FEMALE',NULL,'2022-01-22 00:00:00',NULL,'802-213-6956','mgirardetq@ezinearticles.com','62 Briar Crest Drive'),('62c7d2f6fc13ae456b001277','Kaye Crawford','1964-03-16','FEMALE',NULL,'2021-11-08 00:00:00',NULL,'369-861-9910','kcrawfordr@un.org','991 Grayhawk Point'),('62c7d2f6fc13ae456b001278','Katrinka Dyos','1951-11-08','FEMALE',NULL,'2022-06-17 00:00:00',NULL,'341-180-8074','kdyoss@flickr.com','12095 Clove Terrace'),('62c7d2f6fc13ae456b001279','Nanci Allott','2005-05-29','FEMALE',NULL,'2021-11-13 00:00:00',NULL,'840-231-5558','nallottt@usa.gov','042 Bunker Hill Way'),('62c7d2f6fc13ae456b00127a','Sharity Dixcee','1983-08-18','FEMALE',NULL,'2022-04-30 00:00:00',NULL,'356-552-3768','sdixceeu@google.com.au','6 Fremont Road'),('62c7d2f6fc13ae456b00127b','Kamillah Ellen','1969-10-12','FEMALE',NULL,'2021-07-09 00:00:00',NULL,'683-314-8887','kellenv@ca.gov','94760 Hoepker Trail'),('62c7d2f6fc13ae456b00127c','Aimil Cahalin','1979-10-25','FEMALE',NULL,'2022-06-21 00:00:00',NULL,'524-427-9201','acahalinw@instagram.com','529 Crowley Avenue'),('62c7d2f6fc13ae456b00127d','Dasya Savory','1951-04-27','FEMALE',NULL,'2021-09-14 00:00:00',NULL,'307-872-6988','dsavoryx@e-recht24.de','506 Fair Oaks Circle'),('62c7d2f6fc13ae456b00127e','Ambros Bootyman','1969-03-10','MALE',NULL,'2021-10-15 00:00:00',NULL,'368-875-9214','abootymany@sbwire.com','912 Corben Crossing'),('62c7d2f6fc13ae456b00127f','Patience Lote','1958-03-13','FEMALE',NULL,'2021-09-21 00:00:00',NULL,'395-502-0252','plotez@de.vu','57189 Bay Alley'),('62c7d2f6fc13ae456b001280','Esme Fenning','1978-05-12','FEMALE',NULL,'2022-05-04 00:00:00',NULL,'426-108-4743','efenning10@salon.com','59999 Messerschmidt Drive'),('62c7d2f6fc13ae456b001281','Alfy Hansie','1954-11-02','MALE',NULL,'2022-06-15 00:00:00',NULL,'646-418-5739','ahansie11@xinhuanet.com','5412 Annamark Point'),('62c7d2f6fc13ae456b001282','Thorpe Plues','1955-10-06','MALE',NULL,'2022-05-07 00:00:00',NULL,'402-236-0717','tplues12@cargocollective.com','6705 David Avenue'),('62c7d2f6fc13ae456b001283','Andonis Biagioni','1988-01-12','MALE',NULL,'2021-11-07 00:00:00',NULL,'721-948-0836','abiagioni13@myspace.com','88 Holmberg Trail'),('62c7d2f6fc13ae456b001284','Sheridan Woodson','1961-01-02','MALE',NULL,'2022-01-25 00:00:00',NULL,'714-183-4340','swoodson14@baidu.com','39 Hallows Drive'),('62c7d2f6fc13ae456b001285','Hurley Froment','2007-12-21','MALE',NULL,'2021-11-10 00:00:00',NULL,'844-483-4014','hfroment15@utexas.edu','23324 Ludington Terrace'),('62c7d2f6fc13ae456b001286','Rodrique Goly','2003-07-30','MALE',NULL,'2021-08-13 00:00:00',NULL,'746-249-1163','rgoly16@zimbio.com','674 Stuart Place'),('62c7d2f6fc13ae456b001287','Hollis Warriner','1962-04-23','MALE',NULL,'2022-02-14 00:00:00',NULL,'926-171-1497','hwarriner17@ocn.ne.jp','20 Muir Plaza'),('62c7d2f6fc13ae456b001288','Lotte Cutting','1958-01-22','FEMALE',NULL,'2022-05-28 00:00:00',NULL,'798-735-5293','lcutting18@usa.gov','2397 Magdeline Avenue'),('62c7d2f6fc13ae456b001289','Nikki Sherebrooke','1964-04-06','FEMALE',NULL,'2022-03-26 00:00:00',NULL,'856-734-5267','nsherebrooke19@about.com','2386 Center Trail'),('62c7d2f6fc13ae456b00128a','Tim Schubart','1964-05-05','FEMALE',NULL,'2022-01-30 00:00:00',NULL,'558-475-2442','tschubart1a@craigslist.org','1625 American Ash Junction'),('62c7d2f6fc13ae456b00128b','Andras Baudinot','1989-09-15','MALE',NULL,'2022-02-20 00:00:00',NULL,'164-772-8367','abaudinot1b@google.com.br','8034 Transport Place'),('62c7d2f6fc13ae456b00128c','Elle Canham','1997-08-31','FEMALE',NULL,'2022-05-15 00:00:00',NULL,'957-433-2182','ecanham1c@dailymotion.com','8423 Novick Parkway'),('62c7d2f6fc13ae456b00128d','Bran Face','1969-06-06','MALE',NULL,'2022-04-08 00:00:00',NULL,'803-187-9079','bface1d@php.net','0 Hallows Court'),('62c7d2f6fc13ae456b00128e','Burty Sulley','1982-09-24','MALE',NULL,'2021-10-22 00:00:00',NULL,'450-838-1925','bsulley1e@digg.com','6 Doe Crossing Hill'),('62c7d2f6fc13ae456b00128f','Raynell Jermyn','1964-11-10','FEMALE',NULL,'2021-10-12 00:00:00',NULL,'963-644-5117','rjermyn1f@bbc.co.uk','30458 Miller Pass'),('62c7d2f6fc13ae456b001290','Lurlene Ziemecki','1979-01-08','FEMALE',NULL,'2022-02-25 00:00:00',NULL,'594-889-4521','lziemecki1g@ft.com','2 Warrior Circle'),('62c7d2f6fc13ae456b001291','Virgil Daysh','1956-06-02','MALE',NULL,'2022-03-25 00:00:00',NULL,'584-522-7297','vdaysh1h@sogou.com','23 Nelson Parkway'),('62c7d2f6fc13ae456b001292','Derril Martini','1991-07-26','MALE',NULL,'2022-01-28 00:00:00',NULL,'388-765-1744','dmartini1i@de.vu','7392 Hudson Plaza'),('62c7d2f6fc13ae456b001293','Shaine Fatscher','1985-01-16','FEMALE',NULL,'2022-06-24 00:00:00',NULL,'943-767-2516','sfatscher1j@utexas.edu','7503 Leroy Road'),('62c7d2f6fc13ae456b001294','Madalyn Wavish','1957-10-06','FEMALE',NULL,'2021-12-09 00:00:00',NULL,'142-863-2190','mwavish1k@house.gov','4601 Spohn Court'),('62c7d2f6fc13ae456b001295','Bird Lubbock','1983-12-23','FEMALE',NULL,'2021-07-14 00:00:00',NULL,'990-386-3717','blubbock1l@delicious.com','9 Shoshone Alley'),('62c7d2f6fc13ae456b001296','Kore Covotti','1997-08-02','FEMALE',NULL,'2022-02-06 00:00:00',NULL,'955-246-2785','kcovotti1m@joomla.org','508 Coolidge Hill'),('62c7d2f6fc13ae456b001297','Zsa zsa Carter','2006-03-12','FEMALE',NULL,'2022-04-07 00:00:00',NULL,'485-796-0711','zzsa1n@ucoz.ru','1122 Algoma Drive'),('62c7d2f6fc13ae456b001298','Miran Tough','2000-08-17','FEMALE',NULL,'2022-02-17 00:00:00',NULL,'178-760-0243','mtough1o@oaic.gov.au','194 Little Fleur Point'),('62c7d2f6fc13ae456b001299','Augusto Eton','1986-07-15','MALE',NULL,'2022-05-09 00:00:00',NULL,'800-238-8045','aeton1p@stanford.edu','97346 Union Pass'),('62c7d2f6fc13ae456b00129a','Amanda Zeal','2005-06-03','FEMALE',NULL,'2021-12-17 00:00:00',NULL,'479-722-7740','azeal1q@woothemes.com','4 Steensland Junction'),('62c7d2f6fc13ae456b00129b','Franni Robelet','1972-03-02','FEMALE',NULL,'2022-04-29 00:00:00',NULL,'730-572-4066','frobelet1r@list-manage.com','4734 Victoria Park'),('62c7d2f6fc13ae456b00129c','Jon Braker','2008-10-24','MALE',NULL,'2022-04-13 00:00:00',NULL,'422-951-1224','jbraker1s@washington.edu','45141 Rigney Alley'),('62c7d2f6fc13ae456b00129d','Dall Higginbottam','1997-12-10','MALE',NULL,'2021-07-23 00:00:00',NULL,'361-568-0088','dhigginbottam1t@goo.gl','09 Grasskamp Drive'),('62c7d2f6fc13ae456b00129e','Rollin Salt','1985-01-21','MALE',NULL,'2021-07-24 00:00:00',NULL,'603-870-7239','rsalt1u@youtube.com','98 La Follette Circle'),('62c7d2f6fc13ae456b00129f','Moyra Tudgay','1991-03-02','FEMALE',NULL,'2021-09-30 00:00:00',NULL,'652-919-1156','mtudgay1v@npr.org','2880 Cambridge Trail'),('62c7d2f6fc13ae456b0012a0','Tiphany Madgwich','2000-12-04','FEMALE',NULL,'2021-08-11 00:00:00',NULL,'929-483-4335','tmadgwich1w@example.com','5541 Mayer Terrace'),('62c7d2f6fc13ae456b0012a1','Chas Bilam','1966-12-24','MALE',NULL,'2022-06-03 00:00:00',NULL,'776-506-5608','cbilam1x@comcast.net','10975 Loomis Terrace'),('62c7d2f6fc13ae456b0012a2','Leigh Sollas','2001-01-05','MALE',NULL,'2022-05-29 00:00:00',NULL,'795-747-0958','lsollas1y@ox.ac.uk','1 Dovetail Place'),('62c7d2f6fc13ae456b0012a3','Hermie Izkovicz','2008-11-29','MALE',NULL,'2021-12-20 00:00:00',NULL,'997-414-4072','hizkovicz1z@amazon.co.jp','7755 Hovde Pass'),('62c7d2f6fc13ae456b0012a4','Natalina Moye','1964-04-10','FEMALE',NULL,'2022-01-12 00:00:00',NULL,'607-508-5428','nmoye20@woothemes.com','9 Buell Avenue'),('62c7d2f6fc13ae456b0012a5','Deck Duke','1954-06-25','MALE',NULL,'2021-11-28 00:00:00',NULL,'403-843-5883','dduke21@homestead.com','69 Westport Circle'),('62c7d2f6fc13ae456b0012a6','Angelique Andreix','1994-11-17','FEMALE',NULL,'2021-10-27 00:00:00',NULL,'275-746-8443','aandreix22@cam.ac.uk','98865 Troy Road'),('62c7d2f6fc13ae456b0012a7','Tynan Yanez','2010-01-24','MALE',NULL,'2021-12-15 00:00:00',NULL,'679-697-2787','tyanez23@slashdot.org','81 Dayton Circle'),('62c7d2f6fc13ae456b0012a8','Clarisse Coppins','1961-04-11','FEMALE',NULL,'2021-08-05 00:00:00',NULL,'153-562-7158','ccoppins24@si.edu','5728 Sunfield Place'),('62c7d2f6fc13ae456b0012a9','Giorgio Towll','1956-12-31','MALE',NULL,'2021-12-11 00:00:00',NULL,'403-523-3174','gtowll25@about.com','649 Lukken Alley'),('62c7d2f6fc13ae456b0012aa','Gus Beahan','1973-08-02','FEMALE',NULL,'2021-08-16 00:00:00',NULL,'753-173-4455','gbeahan26@alibaba.com','55557 Shoshone Trail'),('62c7d2f6fc13ae456b0012ab','Gilda Trenoweth','1990-08-26','FEMALE',NULL,'2022-06-01 00:00:00',NULL,'658-648-8004','gtrenoweth27@nymag.com','01117 Anthes Road'),('62c7d2f6fc13ae456b0012ac','Beryl Laviss','2001-04-23','FEMALE',NULL,'2022-06-27 00:00:00',NULL,'602-723-1028','blaviss28@usa.gov','05 Susan Road'),('62c7d2f7fc13ae456b0012ad','Dannye Applebee','1994-05-16','FEMALE',NULL,'2021-12-24 00:00:00',NULL,'254-430-6357','dapplebee29@reuters.com','972 Delaware Avenue'),('62c7d2f7fc13ae456b0012ae','Eduardo Whittles','1996-02-25','MALE',NULL,'2022-05-14 00:00:00',NULL,'225-265-3023','ewhittles2a@cnbc.com','8 Bonner Trail'),('62c7d2f7fc13ae456b0012af','Gregory Kelledy','1962-01-04','MALE',NULL,'2021-09-30 00:00:00',NULL,'693-761-6000','gkelledy2b@mail.ru','8 1st Court'),('62c7d2f7fc13ae456b0012b0','Antone Tutchings','1950-11-14','MALE',NULL,'2021-10-20 00:00:00',NULL,'174-256-5947','atutchings2c@aol.com','897 Harbort Junction'),('62c7d2f7fc13ae456b0012b1','Lita Dorin','1968-03-27','FEMALE',NULL,'2021-08-08 00:00:00',NULL,'564-276-0322','ldorin2d@uiuc.edu','74843 Petterle Park'),('62c7d2f7fc13ae456b0012b2','Frank Finnigan','1993-07-06','FEMALE',NULL,'2022-01-11 00:00:00',NULL,'463-444-0467','ffinnigan2e@timesonline.co.uk','4 Everett Road'),('62c7d2f7fc13ae456b0012b3','Edita Ivett','2001-11-20','FEMALE',NULL,'2022-04-03 00:00:00',NULL,'717-990-9980','eivett2f@tripadvisor.com','99 Scofield Hill'),('62c7d2f7fc13ae456b0012b4','Carlye Pavier','1994-06-19','FEMALE',NULL,'2021-08-05 00:00:00',NULL,'630-643-1898','cpavier2g@nationalgeographic.com','76 Birchwood Avenue'),('62c7d2f7fc13ae456b0012b5','Matthew Thicking','2002-06-02','MALE',NULL,'2021-10-01 00:00:00',NULL,'434-385-6816','mthicking2h@harvard.edu','83 Twin Pines Circle'),('62c7d2f7fc13ae456b0012b6','Latisha Petel','1979-04-21','FEMALE',NULL,'2022-05-05 00:00:00',NULL,'151-941-2293','lpetel2i@gizmodo.com','83 Milwaukee Plaza'),('62c7d2f7fc13ae456b0012b7','Artemis Paylie','1976-03-13','MALE',NULL,'2021-08-15 00:00:00',NULL,'137-335-0749','apaylie2j@hao123.com','92 Kinsman Terrace'),('62c7d2f7fc13ae456b0012b8','Francklyn Maliphant','1956-02-03','MALE',NULL,'2022-01-18 00:00:00',NULL,'218-255-5625','fmaliphant2k@usda.gov','5206 Melvin Road'),('62c7d2f7fc13ae456b0012b9','Richy Glencros','1973-09-25','MALE',NULL,'2022-03-26 00:00:00',NULL,'524-290-2546','rglencros2l@google.es','62291 Paget Court'),('62c7d2f7fc13ae456b0012ba','Cissy Norvill','1980-05-04','FEMALE',NULL,'2021-12-20 00:00:00',NULL,'322-742-7558','cnorvill2m@networkadvertising.org','90 Schlimgen Plaza'),('62c7d2f7fc13ae456b0012bb','Libbi Sitlington','1982-12-19','FEMALE',NULL,'2022-04-18 00:00:00',NULL,'571-140-4991','lsitlington2n@ning.com','097 Everett Way'),('62c7d2f7fc13ae456b0012bc','Arturo Elnaugh','2006-11-29','MALE',NULL,'2021-08-22 00:00:00',NULL,'415-768-0287','aelnaugh2o@w3.org','9 Holmberg Avenue'),('62c7d2f7fc13ae456b0012bd','Whitaker Storm','1975-12-01','MALE',NULL,'2022-01-09 00:00:00',NULL,'450-132-8920','wstorm2p@hp.com','7762 5th Drive'),('62c7d2f7fc13ae456b0012be','Estell Haining','1997-10-29','FEMALE',NULL,'2021-10-07 00:00:00',NULL,'881-156-8953','ehaining2q@cnn.com','59666 David Lane'),('62c7d2f7fc13ae456b0012bf','Domingo Brigginshaw','1965-08-08','MALE',NULL,'2021-12-12 00:00:00',NULL,'803-411-6596','dbrigginshaw2r@arizona.edu','8723 Delaware Terrace');
/*!40000 ALTER TABLE `patient` ENABLE KEYS */;
UNLOCK TABLES;

--
-- Table structure for table `patient_symptom`
--

DROP TABLE IF EXISTS `patient_symptom`;
/*!40101 SET @saved_cs_client     = @@character_set_client */;
/*!50503 SET character_set_client = utf8mb4 */;
CREATE TABLE `patient_symptom` (
  `examination_id` varchar(50) NOT NULL,
  `symptom` varchar(50) NOT NULL,
  `positive` double DEFAULT NULL,
  `neutral` double DEFAULT NULL,
  `negative` double DEFAULT NULL,
  `created_at` datetime DEFAULT NULL,
  PRIMARY KEY (`examination_id`,`symptom`)
) ENGINE=InnoDB DEFAULT CHARSET=utf8mb3;
/*!40101 SET character_set_client = @saved_cs_client */;

--
-- Dumping data for table `patient_symptom`
--

LOCK TABLES `patient_symptom` WRITE;
/*!40000 ALTER TABLE `patient_symptom` DISABLE KEYS */;
INSERT INTO `patient_symptom` VALUES ('01G1QH3P4FXEK2H8BZ87FKFME5','CHEST_PAIN',0.2,0.3,0.5,'2022-04-28 14:28:02'),('01G1QH3P4FXEK2H8BZ87FKFME5','COUGH',0.7,0.15,0.1,'2022-04-28 14:28:02'),('01G1QH3P4FXEK2H8BZ87FKFME5','HEADACHE',0.7,0.05,0.2,'2022-04-28 14:28:02'),('01G1QH3P4FXEK2H8BZ87FKFME5','STOMACH_PAIN',0.1,0.2,0.6,'2022-04-28 14:28:02'),('01G1QH3P4FXEK2H8BZ87FKFME5','TEMPERATURE',0.7,0.125,0.1,'2022-04-28 14:28:02'),('01G1QJE2NNCBBAPHCRGR1TJ4F9','CHEST_PAIN',0.2,0.3,0.5,'2022-04-28 14:51:11'),('01G1QJE2NNCBBAPHCRGR1TJ4F9','COUGH',0.2,0.15,0.1,'2022-04-28 14:51:11'),('01G1QJE2NNCBBAPHCRGR1TJ4F9','HEADACHE',0.7,0.05,0.2,'2022-04-28 14:51:11'),('01G1QJE2NNCBBAPHCRGR1TJ4F9','STOMACH_PAIN',0.1,0.2,0.6,'2022-04-28 14:51:11'),('01G1QJE2NNCBBAPHCRGR1TJ4F9','TEMPERATURE',0.7,0.125,0.1,'2022-04-28 14:51:11'),('01G1QJGT80MT93V8VNKD6QW6MA','CHEST_PAIN',0.2,0.3,0.5,'2022-04-28 14:52:40'),('01G1QJGT80MT93V8VNKD6QW6MA','COUGH',0.7,0.15,0.1,'2022-04-28 14:52:40'),('01G1QJGT80MT93V8VNKD6QW6MA','HEADACHE',0.7,0.05,0.2,'2022-04-28 14:52:40'),('01G1QJGT80MT93V8VNKD6QW6MA','STOMACH_PAIN',0.1,0.2,0.6,'2022-04-28 14:52:40'),('01G1QJGT80MT93V8VNKD6QW6MA','TEMPERATURE',0.7,0.125,0.1,'2022-04-28 14:52:40'),('01G6G9NVZJ5EY845R03VK1MB4Z','CHEST_PAIN',0.2,0.3,0.5,'2022-06-26 22:21:57'),('01G6G9NVZJ5EY845R03VK1MB4Z','COUGH',0.7,0.15,0.1,'2022-06-26 22:21:57'),('01G6G9NVZJ5EY845R03VK1MB4Z','HEADACHE',0.7,0.05,0.2,'2022-06-26 22:21:57'),('01G6G9NVZJ5EY845R03VK1MB4Z','STOMACH_PAIN',0.1,0.2,0.6,'2022-06-26 22:21:57'),('01G6G9NVZJ5EY845R03VK1MB4Z','TEMPERATURE',0.8,0.03,0.1,'2022-06-26 22:21:57'),('01G6G9SFP12PY9X5EV30DZV8WH','CHEST_PAIN',0,0,0,'2022-06-26 22:23:55'),('01G6G9SFP12PY9X5EV30DZV8WH','COUGH',0.7,0.15,0.1,'2022-06-26 22:23:55'),('01G6G9SFP12PY9X5EV30DZV8WH','HEADACHE',0.7,0.05,0.2,'2022-06-26 22:23:55'),('01G6G9SFP12PY9X5EV30DZV8WH','STOMACH_PAIN',0.1,0.2,0.6,'2022-06-26 22:23:55'),('01G6G9SFP12PY9X5EV30DZV8WH','TEMPERATURE',0.8,0.03,0.1,'2022-06-26 22:23:55'),('01G6HKN9N05AV4ZRGFFK90P3XX','CHEST_PAIN',0.2,0.3,0.5,'2022-06-27 10:35:38'),('01G6HKN9N05AV4ZRGFFK90P3XX','COUGH',0.7,0.15,0.1,'2022-06-27 10:35:38'),('01G6HKN9N05AV4ZRGFFK90P3XX','HEADACHE',0.7,0.05,0.2,'2022-06-27 10:35:38'),('01G6HKN9N05AV4ZRGFFK90P3XX','STOMACH_PAIN',0.1,0.2,0.6,'2022-06-27 10:35:38'),('01G6HKN9N05AV4ZRGFFK90P3XX','TEMPERATURE',0.8,0.03,0.1,'2022-06-27 10:35:38'),('01G6SZCDMKM0HKTFDK561JWQS3','CHEST_PAIN',0.2,0.3,0.5,'2022-06-30 16:34:26'),('01G6SZCDMKM0HKTFDK561JWQS3','COUGH',0.7,0.15,0.1,'2022-06-30 16:34:26'),('01G6SZCDMKM0HKTFDK561JWQS3','HEADACHE',0.7,0.05,0.2,'2022-06-30 16:34:26'),('01G6SZCDMKM0HKTFDK561JWQS3','STOMACH_PAIN',0.1,0.2,0.6,'2022-06-30 16:34:26'),('01G6SZCDMKM0HKTFDK561JWQS3','TEMPERATURE',0.8,0.03,0.1,'2022-06-30 16:34:26'),('01G8Z7JF7T19J9JEHH6FESRF2A','CHEST_PAIN',0.2,0.3,0.5,'2022-07-27 14:05:09'),('01G8Z7JF7T19J9JEHH6FESRF2A','COUGH',0.7,0.15,0.1,'2022-07-27 14:05:09'),('01G8Z7JF7T19J9JEHH6FESRF2A','HEADACHE',0.7,0.05,0.2,'2022-07-27 14:05:09'),('01G8Z7JF7T19J9JEHH6FESRF2A','STOMACH_PAIN',0.1,0.2,0.6,'2022-07-27 14:05:09'),('01G8Z7JF7T19J9JEHH6FESRF2A','TEMPERATURE',0.8,0.03,0.1,'2022-07-27 14:05:09'),('01G8ZA7TYPSHXHP4KRTPQTASB8','CHEST_PAIN',0.2,0.3,0.5,'2022-07-27 14:51:46'),('01G8ZA7TYPSHXHP4KRTPQTASB8','COUGH',0.7,0.15,0.1,'2022-07-27 14:51:46'),('01G8ZA7TYPSHXHP4KRTPQTASB8','HEADACHE',0.7,0.05,0.2,'2022-07-27 14:51:46'),('01G8ZA7TYPSHXHP4KRTPQTASB8','STOMACH_PAIN',0.1,0.2,0.6,'2022-07-27 14:51:46'),('01G8ZA7TYPSHXHP4KRTPQTASB8','TEMPERATURE',0.8,0.03,0.1,'2022-07-27 14:51:46'),('01G8ZDDTM1RM6ZYTFRHDNVPQQY','CHEST_PAIN',0.2,0.3,0.5,'2022-07-27 15:47:28'),('01G8ZDDTM1RM6ZYTFRHDNVPQQY','COUGH',0.7,0.15,0.1,'2022-07-27 15:47:28'),('01G8ZDDTM1RM6ZYTFRHDNVPQQY','HEADACHE',0.7,0.05,0.2,'2022-07-27 15:47:28'),('01G8ZDDTM1RM6ZYTFRHDNVPQQY','STOMACH_PAIN',0.1,0.2,0.6,'2022-07-27 15:47:28'),('01G8ZDDTM1RM6ZYTFRHDNVPQQY','TEMPERATURE',1,0,0,'2022-07-27 15:47:28'),('01G8ZDE26VY5PB9MS8MV34AN40','CHEST_PAIN',0.2,0.3,0.5,'2022-07-27 15:47:36'),('01G8ZDE26VY5PB9MS8MV34AN40','COUGH',0.7,0.15,0.1,'2022-07-27 15:47:36'),('01G8ZDE26VY5PB9MS8MV34AN40','HEADACHE',0.7,0.05,0.2,'2022-07-27 15:47:36'),('01G8ZDE26VY5PB9MS8MV34AN40','STOMACH_PAIN',0.1,0.2,0.6,'2022-07-27 15:47:36'),('01G8ZDE26VY5PB9MS8MV34AN40','TEMPERATURE',1,0,0,'2022-07-27 15:47:36'),('01G8ZDE6KP0E69E0ETX9GP9BC6','CHEST_PAIN',0.2,0.3,0.5,'2022-07-27 15:47:40'),('01G8ZDE6KP0E69E0ETX9GP9BC6','COUGH',0.7,0.15,0.1,'2022-07-27 15:47:40'),('01G8ZDE6KP0E69E0ETX9GP9BC6','HEADACHE',0.7,0.05,0.2,'2022-07-27 15:47:40'),('01G8ZDE6KP0E69E0ETX9GP9BC6','STOMACH_PAIN',0.1,0.2,0.6,'2022-07-27 15:47:40'),('01G8ZDE6KP0E69E0ETX9GP9BC6','TEMPERATURE',0.8,0.03,0.1,'2022-07-27 15:47:40'),('01G8ZDEQKX9P7HYF3XTWP5AEEY','CHEST_PAIN',0.375,0.375,0.25,'2022-07-27 15:47:58'),('01G8ZDEQKX9P7HYF3XTWP5AEEY','COUGH',0.125,0.625,0.125,'2022-07-27 15:47:58'),('01G8ZDEQKX9P7HYF3XTWP5AEEY','HEADACHE',0,0.75,0.25,'2022-07-27 15:47:58'),('01G8ZDEQKX9P7HYF3XTWP5AEEY','STOMACH_PAIN',0.625,0.125,0.25,'2022-07-27 15:47:58'),('01G8ZDEQKX9P7HYF3XTWP5AEEY','TEMPERATURE',0.5,0.25,0.25,'2022-07-27 15:47:58'),('01G8ZEVQ4RBSPTTQ7JCHSZZ40J','CHEST_PAIN',0.375,0.375,0.25,'2022-07-27 16:12:32'),('01G8ZEVQ4RBSPTTQ7JCHSZZ40J','COUGH',0.125,0.625,0.125,'2022-07-27 16:12:32'),('01G8ZEVQ4RBSPTTQ7JCHSZZ40J','HEADACHE',0,0.75,0.25,'2022-07-27 16:12:32'),('01G8ZEVQ4RBSPTTQ7JCHSZZ40J','STOMACH_PAIN',0.625,0.125,0.25,'2022-07-27 16:12:32'),('01G8ZEVQ4RBSPTTQ7JCHSZZ40J','TEMPERATURE',0.5,0.25,0.25,'2022-07-27 16:12:32'),('01G8ZEWDSQPNFNKW9ASNMEXP56','CHEST_PAIN',0.375,0.375,0.25,'2022-07-27 16:12:55'),('01G8ZEWDSQPNFNKW9ASNMEXP56','COUGH',0.125,0.625,0.125,'2022-07-27 16:12:55'),('01G8ZEWDSQPNFNKW9ASNMEXP56','HEADACHE',0,0.75,0.25,'2022-07-27 16:12:55'),('01G8ZEWDSQPNFNKW9ASNMEXP56','STOMACH_PAIN',0.625,0.125,0.25,'2022-07-27 16:12:55'),('01G8ZEWDSQPNFNKW9ASNMEXP56','TEMPERATURE',0.5,0.25,0.25,'2022-07-27 16:12:55'),('01G8ZF4XW5QNQ3EGGDMF3C32CX','CHEST_PAIN',0.375,0.375,0.25,'2022-07-27 16:17:33'),('01G8ZF4XW5QNQ3EGGDMF3C32CX','COUGH',0.125,0.625,0.125,'2022-07-27 16:17:33'),('01G8ZF4XW5QNQ3EGGDMF3C32CX','HEADACHE',0,0.75,0.25,'2022-07-27 16:17:33'),('01G8ZF4XW5QNQ3EGGDMF3C32CX','STOMACH_PAIN',0.625,0.125,0.25,'2022-07-27 16:17:33'),('01G8ZF4XW5QNQ3EGGDMF3C32CX','TEMPERATURE',0.5,0.25,0.25,'2022-07-27 16:17:33'),('01G8ZF5KNYZ2PP2S4X5NFEQNJ2','CHEST_PAIN',0.375,0.375,0.25,'2022-07-27 16:17:56'),('01G8ZF5KNYZ2PP2S4X5NFEQNJ2','COUGH',0.125,0.625,0.125,'2022-07-27 16:17:56'),('01G8ZF5KNYZ2PP2S4X5NFEQNJ2','HEADACHE',0,0.75,0.25,'2022-07-27 16:17:56'),('01G8ZF5KNYZ2PP2S4X5NFEQNJ2','STOMACH_PAIN',0.625,0.125,0.25,'2022-07-27 16:17:56'),('01G8ZF5KNYZ2PP2S4X5NFEQNJ2','TEMPERATURE',0.5,0.25,0.25,'2022-07-27 16:17:56'),('01G8ZF638MFHT9QEAVWZ4CNNS4','CHEST_PAIN',0.375,0.375,0.25,'2022-07-27 16:18:12'),('01G8ZF638MFHT9QEAVWZ4CNNS4','COUGH',0.125,0.625,0.125,'2022-07-27 16:18:12'),('01G8ZF638MFHT9QEAVWZ4CNNS4','HEADACHE',0,0.75,0.25,'2022-07-27 16:18:12'),('01G8ZF638MFHT9QEAVWZ4CNNS4','STOMACH_PAIN',0.625,0.125,0.25,'2022-07-27 16:18:12'),('01G8ZF638MFHT9QEAVWZ4CNNS4','TEMPERATURE',0.5,0.25,0.25,'2022-07-27 16:18:12'),('01G8ZFD1D0KWMKRZF9DQNQ7BK1','CHEST_PAIN',0.375,0.375,0.25,'2022-07-27 16:21:59'),('01G8ZFD1D0KWMKRZF9DQNQ7BK1','COUGH',0.125,0.625,0.125,'2022-07-27 16:21:59'),('01G8ZFD1D0KWMKRZF9DQNQ7BK1','HEADACHE',0,0.75,0.25,'2022-07-27 16:21:59'),('01G8ZFD1D0KWMKRZF9DQNQ7BK1','STOMACH_PAIN',0.625,0.125,0.25,'2022-07-27 16:21:59'),('01G8ZFD1D0KWMKRZF9DQNQ7BK1','TEMPERATURE',0.5,0.25,0.25,'2022-07-27 16:21:59'),('01G8ZFDDKRXS2GTN7GFZD9MB17','CHEST_PAIN',0.375,0.375,0.25,'2022-07-27 16:22:12'),('01G8ZFDDKRXS2GTN7GFZD9MB17','COUGH',0.125,0.625,0.125,'2022-07-27 16:22:12'),('01G8ZFDDKRXS2GTN7GFZD9MB17','HEADACHE',0,0.75,0.25,'2022-07-27 16:22:12'),('01G8ZFDDKRXS2GTN7GFZD9MB17','STOMACH_PAIN',0.625,0.125,0.25,'2022-07-27 16:22:12'),('01G8ZFDDKRXS2GTN7GFZD9MB17','TEMPERATURE',0.5,0.25,0.25,'2022-07-27 16:22:12'),('01G8ZFE569C9TD3T23BEXSXDVR','CHEST_PAIN',0.375,0.375,0.25,'2022-07-27 16:22:36'),('01G8ZFE569C9TD3T23BEXSXDVR','COUGH',0.125,0.625,0.125,'2022-07-27 16:22:36'),('01G8ZFE569C9TD3T23BEXSXDVR','HEADACHE',0,0.75,0.25,'2022-07-27 16:22:36'),('01G8ZFE569C9TD3T23BEXSXDVR','STOMACH_PAIN',0.625,0.125,0.25,'2022-07-27 16:22:36'),('01G8ZFE569C9TD3T23BEXSXDVR','TEMPERATURE',0.5,0.25,0.25,'2022-07-27 16:22:36'),('01G8ZG6DYGTMQS82A4A918PZSC','CHEST_PAIN',0.375,0.375,0.25,'2022-07-27 16:35:51'),('01G8ZG6DYGTMQS82A4A918PZSC','COUGH',0.125,0.625,0.125,'2022-07-27 16:35:51'),('01G8ZG6DYGTMQS82A4A918PZSC','HEADACHE',0,0.75,0.25,'2022-07-27 16:35:51'),('01G8ZG6DYGTMQS82A4A918PZSC','STOMACH_PAIN',0.625,0.125,0.25,'2022-07-27 16:35:51'),('01G8ZG6DYGTMQS82A4A918PZSC','TEMPERATURE',0.5,0.25,0.25,'2022-07-27 16:35:51'),('01G8ZG7EK2P47YDWW6JWYCADSW','CHEST_PAIN',0.375,0.375,0.25,'2022-07-27 16:36:25'),('01G8ZG7EK2P47YDWW6JWYCADSW','COUGH',0.125,0.625,0.125,'2022-07-27 16:36:25'),('01G8ZG7EK2P47YDWW6JWYCADSW','HEADACHE',0,0.75,0.25,'2022-07-27 16:36:25'),('01G8ZG7EK2P47YDWW6JWYCADSW','STOMACH_PAIN',0.625,0.125,0.25,'2022-07-27 16:36:25'),('01G8ZG7EK2P47YDWW6JWYCADSW','TEMPERATURE',0.5,0.25,0.25,'2022-07-27 16:36:25'),('01G8ZG7XMGXDKMK5DKB20B7SHW','CHEST_PAIN',0.375,0.375,0.25,'2022-07-27 16:36:40'),('01G8ZG7XMGXDKMK5DKB20B7SHW','COUGH',0.125,0.625,0.125,'2022-07-27 16:36:40'),('01G8ZG7XMGXDKMK5DKB20B7SHW','HEADACHE',0,0.75,0.25,'2022-07-27 16:36:40'),('01G8ZG7XMGXDKMK5DKB20B7SHW','STOMACH_PAIN',0.625,0.125,0.25,'2022-07-27 16:36:40'),('01G8ZG7XMGXDKMK5DKB20B7SHW','TEMPERATURE',0.5,0.25,0.25,'2022-07-27 16:36:40'),('01G8ZG8K225W1YM15G2CNES1S9','CHEST_PAIN',0.375,0.375,0.25,'2022-07-27 16:37:02'),('01G8ZG8K225W1YM15G2CNES1S9','COUGH',0.125,0.625,0.125,'2022-07-27 16:37:02'),('01G8ZG8K225W1YM15G2CNES1S9','HEADACHE',0,0.75,0.25,'2022-07-27 16:37:02'),('01G8ZG8K225W1YM15G2CNES1S9','STOMACH_PAIN',0.625,0.125,0.25,'2022-07-27 16:37:02'),('01G8ZG8K225W1YM15G2CNES1S9','TEMPERATURE',0.5,0.25,0.25,'2022-07-27 16:37:02'),('01G8ZGDP9YBHG8MZ7Y485AS0V5','CHEST_PAIN',0.375,0.375,0.25,'2022-07-27 16:39:49'),('01G8ZGDP9YBHG8MZ7Y485AS0V5','COUGH',0.125,0.625,0.125,'2022-07-27 16:39:49'),('01G8ZGDP9YBHG8MZ7Y485AS0V5','HEADACHE',0,0.75,0.25,'2022-07-27 16:39:49'),('01G8ZGDP9YBHG8MZ7Y485AS0V5','STOMACH_PAIN',0.625,0.125,0.25,'2022-07-27 16:39:49'),('01G8ZGDP9YBHG8MZ7Y485AS0V5','TEMPERATURE',0.5,0.25,0.25,'2022-07-27 16:39:49'),('01G8ZGEC6F6A3PN5K3JXYG8J7Y','CHEST_PAIN',0.375,0.375,0.25,'2022-07-27 16:40:12'),('01G8ZGEC6F6A3PN5K3JXYG8J7Y','COUGH',0.125,0.625,0.125,'2022-07-27 16:40:12'),('01G8ZGEC6F6A3PN5K3JXYG8J7Y','HEADACHE',0,0.75,0.25,'2022-07-27 16:40:12'),('01G8ZGEC6F6A3PN5K3JXYG8J7Y','STOMACH_PAIN',0.625,0.125,0.25,'2022-07-27 16:40:12'),('01G8ZGEC6F6A3PN5K3JXYG8J7Y','TEMPERATURE',0.5,0.25,0.25,'2022-07-27 16:40:12'),('01G8ZGFDH99751V3E99MW1X09P','CHEST_PAIN',0.375,0.375,0.25,'2022-07-27 16:40:46'),('01G8ZGFDH99751V3E99MW1X09P','COUGH',0.125,0.625,0.125,'2022-07-27 16:40:46'),('01G8ZGFDH99751V3E99MW1X09P','HEADACHE',0,0.75,0.25,'2022-07-27 16:40:46'),('01G8ZGFDH99751V3E99MW1X09P','STOMACH_PAIN',0.625,0.125,0.25,'2022-07-27 16:40:46'),('01G8ZGFDH99751V3E99MW1X09P','TEMPERATURE',0.5,0.25,0.25,'2022-07-27 16:40:46'),('01G8ZGFNE48RNP1JB57QSEBASZ','CHEST_PAIN',0.375,0.375,0.25,'2022-07-27 16:40:54'),('01G8ZGFNE48RNP1JB57QSEBASZ','COUGH',0.125,0.625,0.125,'2022-07-27 16:40:54'),('01G8ZGFNE48RNP1JB57QSEBASZ','HEADACHE',0,0.75,0.25,'2022-07-27 16:40:54'),('01G8ZGFNE48RNP1JB57QSEBASZ','STOMACH_PAIN',0.625,0.125,0.25,'2022-07-27 16:40:54'),('01G8ZGFNE48RNP1JB57QSEBASZ','TEMPERATURE',0.5,0.25,0.25,'2022-07-27 16:40:54'),('01G8ZGFWV091SS7YRV26RJ47T5','CHEST_PAIN',0.375,0.375,0.25,'2022-07-27 16:41:01'),('01G8ZGFWV091SS7YRV26RJ47T5','COUGH',0.125,0.625,0.125,'2022-07-27 16:41:01'),('01G8ZGFWV091SS7YRV26RJ47T5','HEADACHE',0,0.75,0.25,'2022-07-27 16:41:01'),('01G8ZGFWV091SS7YRV26RJ47T5','STOMACH_PAIN',0.625,0.125,0.25,'2022-07-27 16:41:01'),('01G8ZGFWV091SS7YRV26RJ47T5','TEMPERATURE',0.5,0.25,0.25,'2022-07-27 16:41:01'),('01G8ZGG8XNMT3AD190Z1AMDFDJ','CHEST_PAIN',0.375,0.375,0.25,'2022-07-27 16:41:14'),('01G8ZGG8XNMT3AD190Z1AMDFDJ','COUGH',0.125,0.625,0.125,'2022-07-27 16:41:14'),('01G8ZGG8XNMT3AD190Z1AMDFDJ','HEADACHE',0,0.75,0.25,'2022-07-27 16:41:14'),('01G8ZGG8XNMT3AD190Z1AMDFDJ','STOMACH_PAIN',0.625,0.125,0.25,'2022-07-27 16:41:14'),('01G8ZGG8XNMT3AD190Z1AMDFDJ','TEMPERATURE',0.5,0.25,0.25,'2022-07-27 16:41:14'),('01G8ZGGFVDVYWP8170Q3ZW5KND','CHEST_PAIN',0.375,0.375,0.25,'2022-07-27 16:41:21'),('01G8ZGGFVDVYWP8170Q3ZW5KND','COUGH',0.125,0.625,0.125,'2022-07-27 16:41:21'),('01G8ZGGFVDVYWP8170Q3ZW5KND','HEADACHE',0,0.75,0.25,'2022-07-27 16:41:21'),('01G8ZGGFVDVYWP8170Q3ZW5KND','STOMACH_PAIN',0.625,0.125,0.25,'2022-07-27 16:41:21'),('01G8ZGGFVDVYWP8170Q3ZW5KND','TEMPERATURE',0.5,0.25,0.25,'2022-07-27 16:41:21'),('01G8ZGJXE1S6Z48A1216617NF2','CHEST_PAIN',0.375,0.375,0.25,'2022-07-27 16:42:40'),('01G8ZGJXE1S6Z48A1216617NF2','COUGH',0.125,0.625,0.125,'2022-07-27 16:42:40'),('01G8ZGJXE1S6Z48A1216617NF2','HEADACHE',0,0.75,0.25,'2022-07-27 16:42:40'),('01G8ZGJXE1S6Z48A1216617NF2','STOMACH_PAIN',0.625,0.125,0.25,'2022-07-27 16:42:40'),('01G8ZGJXE1S6Z48A1216617NF2','TEMPERATURE',0.5,0.25,0.25,'2022-07-27 16:42:40'),('01G8ZGKFFX1KER0C3A43Z3MQM8','CHEST_PAIN',0.375,0.375,0.25,'2022-07-27 16:42:59'),('01G8ZGKFFX1KER0C3A43Z3MQM8','COUGH',0.125,0.625,0.125,'2022-07-27 16:42:59'),('01G8ZGKFFX1KER0C3A43Z3MQM8','HEADACHE',0,0.75,0.25,'2022-07-27 16:42:59'),('01G8ZGKFFX1KER0C3A43Z3MQM8','STOMACH_PAIN',0.625,0.125,0.25,'2022-07-27 16:42:59'),('01G8ZGKFFX1KER0C3A43Z3MQM8','TEMPERATURE',0.5,0.25,0.25,'2022-07-27 16:42:59'),('01G8ZGKJQ0TEXQ5J4YH85Y20WZ','CHEST_PAIN',0.375,0.375,0.25,'2022-07-27 16:43:02'),('01G8ZGKJQ0TEXQ5J4YH85Y20WZ','COUGH',0.125,0.625,0.125,'2022-07-27 16:43:02'),('01G8ZGKJQ0TEXQ5J4YH85Y20WZ','HEADACHE',0,0.75,0.25,'2022-07-27 16:43:02'),('01G8ZGKJQ0TEXQ5J4YH85Y20WZ','STOMACH_PAIN',0.625,0.125,0.25,'2022-07-27 16:43:02'),('01G8ZGKJQ0TEXQ5J4YH85Y20WZ','TEMPERATURE',0.5,0.25,0.25,'2022-07-27 16:43:02'),('01G8ZGKK9NR44PT47C76XVAE3T','CHEST_PAIN',0.375,0.375,0.25,'2022-07-27 16:43:03'),('01G8ZGKK9NR44PT47C76XVAE3T','COUGH',0.125,0.625,0.125,'2022-07-27 16:43:03'),('01G8ZGKK9NR44PT47C76XVAE3T','HEADACHE',0,0.75,0.25,'2022-07-27 16:43:03'),('01G8ZGKK9NR44PT47C76XVAE3T','STOMACH_PAIN',0.625,0.125,0.25,'2022-07-27 16:43:03'),('01G8ZGKK9NR44PT47C76XVAE3T','TEMPERATURE',0.5,0.25,0.25,'2022-07-27 16:43:03'),('01G8ZGN2KE45D7C17AWEZPB5BW','CHEST_PAIN',0.375,0.375,0.25,'2022-07-27 16:43:51'),('01G8ZGN2KE45D7C17AWEZPB5BW','COUGH',0.125,0.625,0.125,'2022-07-27 16:43:51'),('01G8ZGN2KE45D7C17AWEZPB5BW','HEADACHE',0,0.75,0.25,'2022-07-27 16:43:51'),('01G8ZGN2KE45D7C17AWEZPB5BW','STOMACH_PAIN',0.625,0.125,0.25,'2022-07-27 16:43:51'),('01G8ZGN2KE45D7C17AWEZPB5BW','TEMPERATURE',0.5,0.25,0.25,'2022-07-27 16:43:51'),('01G8ZHJSJMC2AHF7ZYHCCV3B96','CHEST_PAIN',0.375,0.375,0.25,'2022-07-27 17:00:05'),('01G8ZHJSJMC2AHF7ZYHCCV3B96','COUGH',0.125,0.625,0.125,'2022-07-27 17:00:05'),('01G8ZHJSJMC2AHF7ZYHCCV3B96','HEADACHE',0,0.75,0.25,'2022-07-27 17:00:05'),('01G8ZHJSJMC2AHF7ZYHCCV3B96','STOMACH_PAIN',0.625,0.125,0.25,'2022-07-27 17:00:05'),('01G8ZHJSJMC2AHF7ZYHCCV3B96','TEMPERATURE',0.5,0.25,0.25,'2022-07-27 17:00:05'),('01G8ZHQ6HSQXFTYRZZB1Z37BAG','CHEST_PAIN',0.375,0.375,0.25,'2022-07-27 17:02:29'),('01G8ZHQ6HSQXFTYRZZB1Z37BAG','COUGH',0.125,0.625,0.125,'2022-07-27 17:02:29'),('01G8ZHQ6HSQXFTYRZZB1Z37BAG','HEADACHE',0,0.75,0.25,'2022-07-27 17:02:29'),('01G8ZHQ6HSQXFTYRZZB1Z37BAG','STOMACH_PAIN',0.625,0.125,0.25,'2022-07-27 17:02:29'),('01G8ZHQ6HSQXFTYRZZB1Z37BAG','TEMPERATURE',0.5,0.25,0.25,'2022-07-27 17:02:29'),('01G8ZHREW78E9YW9GWNFA4RM5P','CHEST_PAIN',0.375,0.375,0.25,'2022-07-27 17:03:11'),('01G8ZHREW78E9YW9GWNFA4RM5P','COUGH',0.125,0.625,0.125,'2022-07-27 17:03:11'),('01G8ZHREW78E9YW9GWNFA4RM5P','HEADACHE',0,0.75,0.25,'2022-07-27 17:03:11'),('01G8ZHREW78E9YW9GWNFA4RM5P','STOMACH_PAIN',0.625,0.125,0.25,'2022-07-27 17:03:11'),('01G8ZHREW78E9YW9GWNFA4RM5P','TEMPERATURE',0.5,0.25,0.25,'2022-07-27 17:03:11'),('01G8ZHSSN3XY58THFWF5B1VS5P','CHEST_PAIN',0.375,0.375,0.25,'2022-07-27 17:03:54'),('01G8ZHSSN3XY58THFWF5B1VS5P','COUGH',0.125,0.625,0.125,'2022-07-27 17:03:54'),('01G8ZHSSN3XY58THFWF5B1VS5P','HEADACHE',0,0.75,0.25,'2022-07-27 17:03:54'),('01G8ZHSSN3XY58THFWF5B1VS5P','STOMACH_PAIN',0.625,0.125,0.25,'2022-07-27 17:03:54'),('01G8ZHSSN3XY58THFWF5B1VS5P','TEMPERATURE',0.5,0.25,0.25,'2022-07-27 17:03:54'),('01G8ZHT4BF6TBZVCS7SKG0PSTQ','CHEST_PAIN',0.375,0.375,0.25,'2022-07-27 17:04:05'),('01G8ZHT4BF6TBZVCS7SKG0PSTQ','COUGH',0.125,0.625,0.125,'2022-07-27 17:04:05'),('01G8ZHT4BF6TBZVCS7SKG0PSTQ','HEADACHE',0,0.75,0.25,'2022-07-27 17:04:05'),('01G8ZHT4BF6TBZVCS7SKG0PSTQ','STOMACH_PAIN',0.625,0.125,0.25,'2022-07-27 17:04:05'),('01G8ZHT4BF6TBZVCS7SKG0PSTQ','TEMPERATURE',0.5,0.25,0.25,'2022-07-27 17:04:05'),('01G8ZHV0MYNER3ES54NXMFT0CD','CHEST_PAIN',0.375,0.375,0.25,'2022-07-27 17:04:34'),('01G8ZHV0MYNER3ES54NXMFT0CD','COUGH',0.125,0.625,0.125,'2022-07-27 17:04:34'),('01G8ZHV0MYNER3ES54NXMFT0CD','HEADACHE',0,0.75,0.25,'2022-07-27 17:04:34'),('01G8ZHV0MYNER3ES54NXMFT0CD','STOMACH_PAIN',0.625,0.125,0.25,'2022-07-27 17:04:34'),('01G8ZHV0MYNER3ES54NXMFT0CD','TEMPERATURE',0.5,0.25,0.25,'2022-07-27 17:04:34'),('01G8ZHVYBGZC8HC9Q25R3ZPRDT','CHEST_PAIN',0.375,0.375,0.25,'2022-07-27 17:05:05'),('01G8ZHVYBGZC8HC9Q25R3ZPRDT','COUGH',0.125,0.625,0.125,'2022-07-27 17:05:05'),('01G8ZHVYBGZC8HC9Q25R3ZPRDT','HEADACHE',0,0.75,0.25,'2022-07-27 17:05:05'),('01G8ZHVYBGZC8HC9Q25R3ZPRDT','STOMACH_PAIN',0.625,0.125,0.25,'2022-07-27 17:05:05'),('01G8ZHVYBGZC8HC9Q25R3ZPRDT','TEMPERATURE',0.5,0.25,0.25,'2022-07-27 17:05:05'),('01G8ZHYTQ13NH1NRYVPQJCFEKR','CHEST_PAIN',0,0,0,'2022-07-27 17:06:39'),('01G8ZHYTQ13NH1NRYVPQJCFEKR','COUGH',0,0,0,'2022-07-27 17:06:39'),('01G8ZHYTQ13NH1NRYVPQJCFEKR','HEADACHE',0,0,0,'2022-07-27 17:06:39'),('01G8ZHYTQ13NH1NRYVPQJCFEKR','STOMACH_PAIN',0,0,0,'2022-07-27 17:06:39'),('01G8ZHYTQ13NH1NRYVPQJCFEKR','TEMPERATURE',0,0,0,'2022-07-27 17:06:39'),('01G8ZJ7PJ2Z5NSW8CSQE5DV8PQ','CHEST_PAIN',0,0,0,'2022-07-27 17:11:30'),('01G8ZJ7PJ2Z5NSW8CSQE5DV8PQ','COUGH',0,0,0,'2022-07-27 17:11:30'),('01G8ZJ7PJ2Z5NSW8CSQE5DV8PQ','HEADACHE',0,0,0,'2022-07-27 17:11:30'),('01G8ZJ7PJ2Z5NSW8CSQE5DV8PQ','STOMACH_PAIN',0,0,0,'2022-07-27 17:11:30'),('01G8ZJ7PJ2Z5NSW8CSQE5DV8PQ','TEMPERATURE',0,0,0,'2022-07-27 17:11:30'),('01G8ZJ89WZTJH49B4CQ8ZNPMR8','CHEST_PAIN',0,0,0,'2022-07-27 17:11:50'),('01G8ZJ89WZTJH49B4CQ8ZNPMR8','COUGH',0,0,0,'2022-07-27 17:11:50'),('01G8ZJ89WZTJH49B4CQ8ZNPMR8','HEADACHE',0,0,0,'2022-07-27 17:11:50'),('01G8ZJ89WZTJH49B4CQ8ZNPMR8','STOMACH_PAIN',0,0,0,'2022-07-27 17:11:50'),('01G8ZJ89WZTJH49B4CQ8ZNPMR8','TEMPERATURE',0,0,0,'2022-07-27 17:11:50'),('01G8ZJ8ZGVBB34GGZAMBPAF3Q8','CHEST_PAIN',0.375,0.375,0.25,'2022-07-27 17:12:12'),('01G8ZJ8ZGVBB34GGZAMBPAF3Q8','COUGH',0.125,0.625,0.125,'2022-07-27 17:12:12'),('01G8ZJ8ZGVBB34GGZAMBPAF3Q8','HEADACHE',0,0.75,0.25,'2022-07-27 17:12:12'),('01G8ZJ8ZGVBB34GGZAMBPAF3Q8','STOMACH_PAIN',0.625,0.125,0.25,'2022-07-27 17:12:12'),('01G8ZJ8ZGVBB34GGZAMBPAF3Q8','TEMPERATURE',0.5,0.25,0.25,'2022-07-27 17:12:12'),('01G8ZMN06SDXRJSV1CH55AE3BR','CHEST_PAIN',0.375,0.375,0.25,'2022-07-27 17:53:43'),('01G8ZMN06SDXRJSV1CH55AE3BR','COUGH',0.125,0.625,0.125,'2022-07-27 17:53:43'),('01G8ZMN06SDXRJSV1CH55AE3BR','HEADACHE',0,0.75,0.25,'2022-07-27 17:53:43'),('01G8ZMN06SDXRJSV1CH55AE3BR','STOMACH_PAIN',0.625,0.125,0.25,'2022-07-27 17:53:43'),('01G8ZMN06SDXRJSV1CH55AE3BR','TEMPERATURE',0.5,0.25,0.25,'2022-07-27 17:53:43'),('01G8ZV3EKPBE28YEJEEY0BAM3H','CHEST_PAIN',0.375,0.375,0.25,'2022-07-27 19:46:28'),('01G8ZV3EKPBE28YEJEEY0BAM3H','COUGH',0.125,0.625,0.125,'2022-07-27 19:46:28'),('01G8ZV3EKPBE28YEJEEY0BAM3H','HEADACHE',0,0.75,0.25,'2022-07-27 19:46:28'),('01G8ZV3EKPBE28YEJEEY0BAM3H','STOMACH_PAIN',0.625,0.125,0.25,'2022-07-27 19:46:28'),('01G8ZV3EKPBE28YEJEEY0BAM3H','TEMPERATURE',0.5,0.25,0.25,'2022-07-27 19:46:28'),('01G8ZZD3STC778ZS9E48QZ7964','CHEST_PAIN',0.375,0.375,0.25,'2022-07-27 21:01:39'),('01G8ZZD3STC778ZS9E48QZ7964','COUGH',0.125,0.625,0.125,'2022-07-27 21:01:39'),('01G8ZZD3STC778ZS9E48QZ7964','HEADACHE',0,0.75,0.25,'2022-07-27 21:01:39'),('01G8ZZD3STC778ZS9E48QZ7964','STOMACH_PAIN',0.625,0.125,0.25,'2022-07-27 21:01:39'),('01G8ZZD3STC778ZS9E48QZ7964','TEMPERATURE',0.5,0.25,0.25,'2022-07-27 21:01:39'),('01G908BXH4NBRBM6XXTVS4NMY7','CHEST_PAIN',0.375,0.375,0.25,'2022-07-27 23:38:17'),('01G908BXH4NBRBM6XXTVS4NMY7','COUGH',0.125,0.625,0.125,'2022-07-27 23:38:17'),('01G908BXH4NBRBM6XXTVS4NMY7','HEADACHE',0,0.75,0.25,'2022-07-27 23:38:17'),('01G908BXH4NBRBM6XXTVS4NMY7','STOMACH_PAIN',0.625,0.125,0.25,'2022-07-27 23:38:17'),('01G908BXH4NBRBM6XXTVS4NMY7','TEMPERATURE',0.5,0.25,0.25,'2022-07-27 23:38:17'),('01G925B3C8QHJGT63M0P6X10TC','CHEST_PAIN',0.375,0.375,0.25,'2022-07-28 17:23:53'),('01G925B3C8QHJGT63M0P6X10TC','COUGH',0.125,0.625,0.125,'2022-07-28 17:23:53'),('01G925B3C8QHJGT63M0P6X10TC','HEADACHE',0,0.75,0.25,'2022-07-28 17:23:53'),('01G925B3C8QHJGT63M0P6X10TC','STOMACH_PAIN',0.625,0.125,0.25,'2022-07-28 17:23:53'),('01G925B3C8QHJGT63M0P6X10TC','TEMPERATURE',0.5,0.25,0.25,'2022-07-28 17:23:53'),('01G92Q650KT47VZKCA07WPTEFA','CHEST_PAIN',0.375,0.375,0.25,'2022-07-28 22:35:45'),('01G92Q650KT47VZKCA07WPTEFA','COUGH',0.125,0.625,0.125,'2022-07-28 22:35:45'),('01G92Q650KT47VZKCA07WPTEFA','HEADACHE',0,0.75,0.25,'2022-07-28 22:35:45'),('01G92Q650KT47VZKCA07WPTEFA','STOMACH_PAIN',0.625,0.125,0.25,'2022-07-28 22:35:45'),('01G92Q650KT47VZKCA07WPTEFA','TEMPERATURE',0.5,0.25,0.25,'2022-07-28 22:35:45'),('01G94GKNTA2AJXP40BWGJB45M3','CHEST_PAIN',0.2,0.3,0.5,'2022-07-29 15:19:18'),('01G94GKNTA2AJXP40BWGJB45M3','COUGH',0.7,0.15,0.1,'2022-07-29 15:19:18'),('01G94GKNTA2AJXP40BWGJB45M3','HEADACHE',0.7,0.05,0.2,'2022-07-29 15:19:18'),('01G94GKNTA2AJXP40BWGJB45M3','STOMACH_PAIN',0.1,0.2,0.6,'2022-07-29 15:19:18'),('01G94GKNTA2AJXP40BWGJB45M3','TEMPERATURE',0.8,0.03,0.1,'2022-07-29 15:19:18'),('01G94HZ56B5CSP020BBGHY04D9','CHEST_PAIN',0.375,0.375,0.25,'2022-07-29 15:43:02'),('01G94HZ56B5CSP020BBGHY04D9','COUGH',0.125,0.625,0.125,'2022-07-29 15:43:02'),('01G94HZ56B5CSP020BBGHY04D9','HEADACHE',0,0.75,0.25,'2022-07-29 15:43:02'),('01G94HZ56B5CSP020BBGHY04D9','STOMACH_PAIN',0.625,0.125,0.25,'2022-07-29 15:43:02'),('01G94HZ56B5CSP020BBGHY04D9','TEMPERATURE',0.5,0.25,0.25,'2022-07-29 15:43:02'),('01G94PM3HZDD7BWK199E3E2PB2','CHEST_PAIN',0.375,0.375,0.25,'2022-07-29 17:04:23'),('01G94PM3HZDD7BWK199E3E2PB2','COUGH',0.125,0.625,0.125,'2022-07-29 17:04:23'),('01G94PM3HZDD7BWK199E3E2PB2','HEADACHE',0,0.75,0.25,'2022-07-29 17:04:23'),('01G94PM3HZDD7BWK199E3E2PB2','STOMACH_PAIN',0.625,0.125,0.25,'2022-07-29 17:04:23'),('01G94PM3HZDD7BWK199E3E2PB2','TEMPERATURE',0.5,0.25,0.25,'2022-07-29 17:04:23'),('01G959G5VFWJR23MN8N438RCVS','CHEST_PAIN',0.375,0.375,0.25,'2022-07-29 22:34:17'),('01G959G5VFWJR23MN8N438RCVS','COUGH',0.125,0.625,0.125,'2022-07-29 22:34:17'),('01G959G5VFWJR23MN8N438RCVS','HEADACHE',0,0.75,0.25,'2022-07-29 22:34:17'),('01G959G5VFWJR23MN8N438RCVS','STOMACH_PAIN',0.625,0.125,0.25,'2022-07-29 22:34:17'),('01G959G5VFWJR23MN8N438RCVS','TEMPERATURE',0.5,0.25,0.25,'2022-07-29 22:34:17'),('01G97JW69EH07BTA405853GZ7V','CHEST_PAIN',0.375,0.375,0.25,'2022-07-30 19:56:37'),('01G97JW69EH07BTA405853GZ7V','COUGH',0.125,0.625,0.125,'2022-07-30 19:56:37'),('01G97JW69EH07BTA405853GZ7V','HEADACHE',0,0.75,0.25,'2022-07-30 19:56:37'),('01G97JW69EH07BTA405853GZ7V','STOMACH_PAIN',0.625,0.125,0.25,'2022-07-30 19:56:37'),('01G97JW69EH07BTA405853GZ7V','TEMPERATURE',0.5,0.25,0.25,'2022-07-30 19:56:37'),('01G97QEAQTA0DERKV499N7SZ4W','CHEST_PAIN',0.375,0.375,0.25,'2022-07-30 21:16:26'),('01G97QEAQTA0DERKV499N7SZ4W','COUGH',0.125,0.625,0.125,'2022-07-30 21:16:26'),('01G97QEAQTA0DERKV499N7SZ4W','HEADACHE',0,0.75,0.25,'2022-07-30 21:16:26'),('01G97QEAQTA0DERKV499N7SZ4W','STOMACH_PAIN',0.625,0.125,0.25,'2022-07-30 21:16:26'),('01G97QEAQTA0DERKV499N7SZ4W','TEMPERATURE',0.5,0.25,0.25,'2022-07-30 21:16:26'),('01G9FCSPG1CHAWSHFA91BT2P90','CHEST_PAIN',0.375,0.375,0.25,'2022-08-02 20:44:19'),('01G9FCSPG1CHAWSHFA91BT2P90','COUGH',0.125,0.625,0.125,'2022-08-02 20:44:19'),('01G9FCSPG1CHAWSHFA91BT2P90','HEADACHE',0,0.75,0.25,'2022-08-02 20:44:19'),('01G9FCSPG1CHAWSHFA91BT2P90','STOMACH_PAIN',0.625,0.125,0.25,'2022-08-02 20:44:19'),('01G9FCSPG1CHAWSHFA91BT2P90','TEMPERATURE',0.5,0.25,0.25,'2022-08-02 20:44:19'),('01G9FCYNNQHRSBMXHAP5647GWA','CHEST_PAIN',0.375,0.375,0.25,'2022-08-02 20:47:02'),('01G9FCYNNQHRSBMXHAP5647GWA','COUGH',0.125,0.625,0.125,'2022-08-02 20:47:02'),('01G9FCYNNQHRSBMXHAP5647GWA','HEADACHE',0,0.75,0.25,'2022-08-02 20:47:02'),('01G9FCYNNQHRSBMXHAP5647GWA','STOMACH_PAIN',0.625,0.125,0.25,'2022-08-02 20:47:02'),('01G9FCYNNQHRSBMXHAP5647GWA','TEMPERATURE',0.5,0.25,0.25,'2022-08-02 20:47:02'),('01G9FDWH631RTJK93FAS7P7WWF','CHEST_PAIN',0.375,0.375,0.25,'2022-08-02 21:03:21'),('01G9FDWH631RTJK93FAS7P7WWF','COUGH',0.125,0.625,0.125,'2022-08-02 21:03:21'),('01G9FDWH631RTJK93FAS7P7WWF','HEADACHE',0,0.75,0.25,'2022-08-02 21:03:21'),('01G9FDWH631RTJK93FAS7P7WWF','STOMACH_PAIN',0.625,0.125,0.25,'2022-08-02 21:03:21'),('01G9FDWH631RTJK93FAS7P7WWF','TEMPERATURE',0.5,0.25,0.25,'2022-08-02 21:03:21'),('01G9FDZCSJNHFY977STT365E9G','CHEST_PAIN',0.375,0.375,0.25,'2022-08-02 21:04:54'),('01G9FDZCSJNHFY977STT365E9G','COUGH',0.125,0.625,0.125,'2022-08-02 21:04:54'),('01G9FDZCSJNHFY977STT365E9G','HEADACHE',0,0.75,0.25,'2022-08-02 21:04:54'),('01G9FDZCSJNHFY977STT365E9G','STOMACH_PAIN',0.625,0.125,0.25,'2022-08-02 21:04:54'),('01G9FDZCSJNHFY977STT365E9G','TEMPERATURE',0.5,0.25,0.25,'2022-08-02 21:04:54'),('01G9FEDBD6TYC3KQBW1JZCFDS1','CHEST_PAIN',0.375,0.375,0.25,'2022-08-02 21:12:32'),('01G9FEDBD6TYC3KQBW1JZCFDS1','COUGH',0.125,0.625,0.125,'2022-08-02 21:12:32'),('01G9FEDBD6TYC3KQBW1JZCFDS1','HEADACHE',0,0.75,0.25,'2022-08-02 21:12:32'),('01G9FEDBD6TYC3KQBW1JZCFDS1','STOMACH_PAIN',0.625,0.125,0.25,'2022-08-02 21:12:32'),('01G9FEDBD6TYC3KQBW1JZCFDS1','TEMPERATURE',0.5,0.25,0.25,'2022-08-02 21:12:32'),('01G9FEH6K5J50043WFAV548869','CHEST_PAIN',0.375,0.375,0.25,'2022-08-02 21:14:38'),('01G9FEH6K5J50043WFAV548869','COUGH',0.125,0.625,0.125,'2022-08-02 21:14:38'),('01G9FEH6K5J50043WFAV548869','HEADACHE',0,0.75,0.25,'2022-08-02 21:14:38'),('01G9FEH6K5J50043WFAV548869','STOMACH_PAIN',0.625,0.125,0.25,'2022-08-02 21:14:38'),('01G9FEH6K5J50043WFAV548869','TEMPERATURE',0.5,0.25,0.25,'2022-08-02 21:14:38'),('01G9FESB4F1KX8CB689E1J9MW9','CHEST_PAIN',0.375,0.375,0.25,'2022-08-02 21:19:05'),('01G9FESB4F1KX8CB689E1J9MW9','COUGH',0.125,0.625,0.125,'2022-08-02 21:19:05'),('01G9FESB4F1KX8CB689E1J9MW9','HEADACHE',0,0.75,0.25,'2022-08-02 21:19:05'),('01G9FESB4F1KX8CB689E1J9MW9','STOMACH_PAIN',0.625,0.125,0.25,'2022-08-02 21:19:05'),('01G9FESB4F1KX8CB689E1J9MW9','TEMPERATURE',0.5,0.25,0.25,'2022-08-02 21:19:05'),('01G9FF88HGHV21CZB3KMQVG2DG','CHEST_PAIN',0.375,0.375,0.25,'2022-08-02 21:27:14'),('01G9FF88HGHV21CZB3KMQVG2DG','COUGH',0.125,0.625,0.125,'2022-08-02 21:27:14'),('01G9FF88HGHV21CZB3KMQVG2DG','HEADACHE',0,0.75,0.25,'2022-08-02 21:27:14'),('01G9FF88HGHV21CZB3KMQVG2DG','STOMACH_PAIN',0.625,0.125,0.25,'2022-08-02 21:27:14'),('01G9FF88HGHV21CZB3KMQVG2DG','TEMPERATURE',0.5,0.25,0.25,'2022-08-02 21:27:14'),('01G9FFACFRYCV510A6RJKRB697','CHEST_PAIN',0.375,0.375,0.25,'2022-08-02 21:28:23'),('01G9FFACFRYCV510A6RJKRB697','COUGH',0.125,0.625,0.125,'2022-08-02 21:28:23'),('01G9FFACFRYCV510A6RJKRB697','HEADACHE',0,0.75,0.25,'2022-08-02 21:28:23'),('01G9FFACFRYCV510A6RJKRB697','STOMACH_PAIN',0.625,0.125,0.25,'2022-08-02 21:28:23'),('01G9FFACFRYCV510A6RJKRB697','TEMPERATURE',0.5,0.25,0.25,'2022-08-02 21:28:23'),('01G9JA1Z9B96MRQX4S7A5NXSPS','CHEST_PAIN',0.375,0.375,0.25,'2022-08-03 23:54:08'),('01G9JA1Z9B96MRQX4S7A5NXSPS','COUGH',0.125,0.625,0.125,'2022-08-03 23:54:08'),('01G9JA1Z9B96MRQX4S7A5NXSPS','HEADACHE',0,0.75,0.25,'2022-08-03 23:54:08'),('01G9JA1Z9B96MRQX4S7A5NXSPS','STOMACH_PAIN',0.625,0.125,0.25,'2022-08-03 23:54:08'),('01G9JA1Z9B96MRQX4S7A5NXSPS','TEMPERATURE',0.5,0.25,0.25,'2022-08-03 23:54:08'),('01G9JBGZSCKJZVQRXWQ7PHC62N','CHEST_PAIN',0.375,0.375,0.25,'2022-08-04 00:19:49'),('01G9JBGZSCKJZVQRXWQ7PHC62N','COUGH',0.125,0.625,0.125,'2022-08-04 00:19:49'),('01G9JBGZSCKJZVQRXWQ7PHC62N','HEADACHE',0,0.75,0.25,'2022-08-04 00:19:49'),('01G9JBGZSCKJZVQRXWQ7PHC62N','STOMACH_PAIN',0.625,0.125,0.25,'2022-08-04 00:19:49'),('01G9JBGZSCKJZVQRXWQ7PHC62N','TEMPERATURE',0.5,0.25,0.25,'2022-08-04 00:19:49'),('01G9JHXP7689XDANGSE7ZP7PXQ','CHEST_PAIN',0.375,0.375,0.25,'2022-08-03 19:11:36'),('01G9JHXP7689XDANGSE7ZP7PXQ','COUGH',0.125,0.625,0.125,'2022-08-03 19:11:36'),('01G9JHXP7689XDANGSE7ZP7PXQ','HEADACHE',0,0.75,0.25,'2022-08-03 19:11:36'),('01G9JHXP7689XDANGSE7ZP7PXQ','STOMACH_PAIN',0.625,0.125,0.25,'2022-08-03 19:11:36'),('01G9JHXP7689XDANGSE7ZP7PXQ','TEMPERATURE',0.5,0.25,0.25,'2022-08-03 19:11:36'),('01G9JJDQCZ1Q31VF1J6MXRAQZ7','CHEST_PAIN',0.375,0.375,0.25,'2022-08-03 19:20:22'),('01G9JJDQCZ1Q31VF1J6MXRAQZ7','COUGH',0.125,0.625,0.125,'2022-08-03 19:20:22'),('01G9JJDQCZ1Q31VF1J6MXRAQZ7','HEADACHE',0,0.75,0.25,'2022-08-03 19:20:22'),('01G9JJDQCZ1Q31VF1J6MXRAQZ7','STOMACH_PAIN',0.625,0.125,0.25,'2022-08-03 19:20:22'),('01G9JJDQCZ1Q31VF1J6MXRAQZ7','TEMPERATURE',0.5,0.25,0.25,'2022-08-03 19:20:22'),('01G9JJH1ME3V7ENKZYD55WG182','CHEST_PAIN',0.375,0.375,0.25,'2022-08-04 02:22:11'),('01G9JJH1ME3V7ENKZYD55WG182','COUGH',0.125,0.625,0.125,'2022-08-04 02:22:11'),('01G9JJH1ME3V7ENKZYD55WG182','HEADACHE',0,0.75,0.25,'2022-08-04 02:22:11'),('01G9JJH1ME3V7ENKZYD55WG182','STOMACH_PAIN',0.625,0.125,0.25,'2022-08-04 02:22:11'),('01G9JJH1ME3V7ENKZYD55WG182','TEMPERATURE',0.5,0.25,0.25,'2022-08-04 02:22:11'),('01G9KD6TM0YNK0XWN1R0X83ZKT','CHEST_PAIN',0.375,0.375,0.25,'2022-08-04 10:08:27'),('01G9KD6TM0YNK0XWN1R0X83ZKT','COUGH',0.125,0.625,0.125,'2022-08-04 10:08:27'),('01G9KD6TM0YNK0XWN1R0X83ZKT','HEADACHE',0,0.75,0.25,'2022-08-04 10:08:27'),('01G9KD6TM0YNK0XWN1R0X83ZKT','STOMACH_PAIN',0.625,0.125,0.25,'2022-08-04 10:08:27'),('01G9KD6TM0YNK0XWN1R0X83ZKT','TEMPERATURE',0.5,0.25,0.25,'2022-08-04 10:08:27'),('01G9KH7P6ARS1MW2CNCM6YA7WP','CHEST_PAIN',0.375,0.375,0.25,'2022-08-04 11:18:50'),('01G9KH7P6ARS1MW2CNCM6YA7WP','COUGH',0.125,0.625,0.125,'2022-08-04 11:18:50'),('01G9KH7P6ARS1MW2CNCM6YA7WP','HEADACHE',0,0.75,0.25,'2022-08-04 11:18:50'),('01G9KH7P6ARS1MW2CNCM6YA7WP','STOMACH_PAIN',0.625,0.125,0.25,'2022-08-04 11:18:50'),('01G9KH7P6ARS1MW2CNCM6YA7WP','TEMPERATURE',0.5,0.25,0.25,'2022-08-04 11:18:50'),('01G9KHWQJ0JN8WJ21FZSJNY2SH','CHEST_PAIN',0.375,0.375,0.25,'2022-08-04 11:30:19'),('01G9KHWQJ0JN8WJ21FZSJNY2SH','COUGH',0.125,0.625,0.125,'2022-08-04 11:30:19'),('01G9KHWQJ0JN8WJ21FZSJNY2SH','HEADACHE',0,0.75,0.25,'2022-08-04 11:30:19'),('01G9KHWQJ0JN8WJ21FZSJNY2SH','STOMACH_PAIN',0.625,0.125,0.25,'2022-08-04 11:30:19'),('01G9KHWQJ0JN8WJ21FZSJNY2SH','TEMPERATURE',0.5,0.25,0.25,'2022-08-04 11:30:19'),('01G9KHZ4WGHS59PABPG3F7HNZG','CHEST_PAIN',0.375,0.375,0.25,'2022-08-04 11:31:38'),('01G9KHZ4WGHS59PABPG3F7HNZG','COUGH',0.125,0.625,0.125,'2022-08-04 11:31:38'),('01G9KHZ4WGHS59PABPG3F7HNZG','HEADACHE',0,0.75,0.25,'2022-08-04 11:31:38'),('01G9KHZ4WGHS59PABPG3F7HNZG','STOMACH_PAIN',0.625,0.125,0.25,'2022-08-04 11:31:38'),('01G9KHZ4WGHS59PABPG3F7HNZG','TEMPERATURE',0.5,0.25,0.25,'2022-08-04 11:31:38'),('01G9MJXA5CTEFY3395K3AG9FSY','CHEST_PAIN',0,0,0,'2022-08-04 21:07:21'),('01G9MJXA5CTEFY3395K3AG9FSY','COUGH',0,0,0,'2022-08-04 21:07:21'),('01G9MJXA5CTEFY3395K3AG9FSY','HEADACHE',0,0,0,'2022-08-04 21:07:21'),('01G9MJXA5CTEFY3395K3AG9FSY','STOMACH_PAIN',0,0,0,'2022-08-04 21:07:21'),('01G9MJXA5CTEFY3395K3AG9FSY','TEMPERATURE',0,0,0,'2022-08-04 21:07:21'),('01G9MK8DYBW9G6N6RY50YQM9CR','CHEST_PAIN',0.375,0.375,0.25,'2022-08-04 21:13:26'),('01G9MK8DYBW9G6N6RY50YQM9CR','COUGH',0.125,0.625,0.125,'2022-08-04 21:13:26'),('01G9MK8DYBW9G6N6RY50YQM9CR','HEADACHE',0,0.75,0.25,'2022-08-04 21:13:26'),('01G9MK8DYBW9G6N6RY50YQM9CR','STOMACH_PAIN',0.625,0.125,0.25,'2022-08-04 21:13:26'),('01G9MK8DYBW9G6N6RY50YQM9CR','TEMPERATURE',0.5,0.25,0.25,'2022-08-04 21:13:26'),('01G9MK8TBWQJ150MEFZ6FSESC3','CHEST_PAIN',0.295,0.295,0.189,'2022-08-04 21:13:38'),('01G9MK8TBWQJ150MEFZ6FSESC3','COUGH',0.083,0.609,0.083,'2022-08-04 21:13:38'),('01G9MK8TBWQJ150MEFZ6FSESC3','HEADACHE',0,0.671,0.189,'2022-08-04 21:13:38'),('01G9MK8TBWQJ150MEFZ6FSESC3','STOMACH_PAIN',0.609,0.083,0.189,'2022-08-04 21:13:38'),('01G9MK8TBWQJ150MEFZ6FSESC3','TEMPERATURE',0.43,0.189,0.189,'2022-08-04 21:13:38'),('01G9MKB4HP3H51ZTYH3PMYNPS0','CHEST_PAIN',0.295,0.295,0.189,'2022-08-04 21:14:54'),('01G9MKB4HP3H51ZTYH3PMYNPS0','COUGH',0.083,0.609,0.083,'2022-08-04 21:14:54'),('01G9MKB4HP3H51ZTYH3PMYNPS0','HEADACHE',0,0.671,0.189,'2022-08-04 21:14:54'),('01G9MKB4HP3H51ZTYH3PMYNPS0','STOMACH_PAIN',0.609,0.083,0.189,'2022-08-04 21:14:54'),('01G9MKB4HP3H51ZTYH3PMYNPS0','TEMPERATURE',0.43,0.189,0.189,'2022-08-04 21:14:54'),('01G9MKBA7ZTFDQE63S30EBH3XW','CHEST_PAIN',0.295,0.295,0.189,'2022-08-04 21:15:00'),('01G9MKBA7ZTFDQE63S30EBH3XW','COUGH',0,0,0,'2022-08-04 21:15:00'),('01G9MKBA7ZTFDQE63S30EBH3XW','HEADACHE',0,0.671,0.189,'2022-08-04 21:15:00'),('01G9MKBA7ZTFDQE63S30EBH3XW','STOMACH_PAIN',0.609,0.083,0.189,'2022-08-04 21:15:00'),('01G9MKBA7ZTFDQE63S30EBH3XW','TEMPERATURE',0,0,0,'2022-08-04 21:15:00'),('01G9MKBGVX949EJQ3GDAQ6JQF4','CHEST_PAIN',0,0.083,0.89,'2022-08-04 21:15:07'),('01G9MKBGVX949EJQ3GDAQ6JQF4','COUGH',0,0,0,'2022-08-04 21:15:07'),('01G9MKBGVX949EJQ3GDAQ6JQF4','HEADACHE',0,0.671,0.189,'2022-08-04 21:15:07'),('01G9MKBGVX949EJQ3GDAQ6JQF4','STOMACH_PAIN',0.609,0.083,0.189,'2022-08-04 21:15:07'),('01G9MKBGVX949EJQ3GDAQ6JQF4','TEMPERATURE',0,0,0,'2022-08-04 21:15:07'),('01G9MKBRPB9HT0DMBQNASQHQFR','CHEST_PAIN',0,0.083,0.89,'2022-08-04 21:15:15'),('01G9MKBRPB9HT0DMBQNASQHQFR','COUGH',0,0,0,'2022-08-04 21:15:15'),('01G9MKBRPB9HT0DMBQNASQHQFR','HEADACHE',0,0.671,0.189,'2022-08-04 21:15:15'),('01G9MKBRPB9HT0DMBQNASQHQFR','STOMACH_PAIN',0.89,0,0.083,'2022-08-04 21:15:15'),('01G9MKBRPB9HT0DMBQNASQHQFR','TEMPERATURE',0,0,0,'2022-08-04 21:15:15'),('01G9MKC6A0G3GA0B07S7TPAPPH','CHEST_PAIN',0,0.083,0,'2022-08-04 21:15:29'),('01G9MKC6A0G3GA0B07S7TPAPPH','COUGH',0,0,0,'2022-08-04 21:15:29'),('01G9MKC6A0G3GA0B07S7TPAPPH','HEADACHE',0.89,0,0.083,'2022-08-04 21:15:29'),('01G9MKC6A0G3GA0B07S7TPAPPH','STOMACH_PAIN',0,0,0,'2022-08-04 21:15:29'),('01G9MKC6A0G3GA0B07S7TPAPPH','TEMPERATURE',0,0,0,'2022-08-04 21:15:29'),('01G9MKCN3WH3ND49D8VTXGBDHT','CHEST_PAIN',0,0,0,'2022-08-04 21:15:44'),('01G9MKCN3WH3ND49D8VTXGBDHT','COUGH',0,0,0,'2022-08-04 21:15:44'),('01G9MKCN3WH3ND49D8VTXGBDHT','HEADACHE',0.89,0,0,'2022-08-04 21:15:44'),('01G9MKCN3WH3ND49D8VTXGBDHT','STOMACH_PAIN',0,0,0,'2022-08-04 21:15:44'),('01G9MKCN3WH3ND49D8VTXGBDHT','TEMPERATURE',0,0,0,'2022-08-04 21:15:44'),('01G9MKCTKCCBBASE4251JZ984Z','CHEST_PAIN',0,0,0,'2022-08-04 21:15:50'),('01G9MKCTKCCBBASE4251JZ984Z','COUGH',0,0,0,'2022-08-04 21:15:50'),('01G9MKCTKCCBBASE4251JZ984Z','HEADACHE',0,0,0,'2022-08-04 21:15:50'),('01G9MKCTKCCBBASE4251JZ984Z','STOMACH_PAIN',0,0,0,'2022-08-04 21:15:50'),('01G9MKCTKCCBBASE4251JZ984Z','TEMPERATURE',0,0,0,'2022-08-04 21:15:50'),('01G9MKD1911V7DM01MA7QMP604','CHEST_PAIN',0,0,0,'2022-08-04 21:15:56'),('01G9MKD1911V7DM01MA7QMP604','COUGH',0,0,0,'2022-08-04 21:15:56'),('01G9MKD1911V7DM01MA7QMP604','HEADACHE',0,0,0,'2022-08-04 21:15:56'),('01G9MKD1911V7DM01MA7QMP604','STOMACH_PAIN',0.083,0.189,0.083,'2022-08-04 21:15:56'),('01G9MKD1911V7DM01MA7QMP604','TEMPERATURE',0,0,0,'2022-08-04 21:15:56'),('01G9MKD5W3EE0S3MZ4YTHGYRHR','CHEST_PAIN',0,0,0,'2022-08-04 21:16:01'),('01G9MKD5W3EE0S3MZ4YTHGYRHR','COUGH',0,0,0,'2022-08-04 21:16:01'),('01G9MKD5W3EE0S3MZ4YTHGYRHR','HEADACHE',0.083,0.083,0.295,'2022-08-04 21:16:01'),('01G9MKD5W3EE0S3MZ4YTHGYRHR','STOMACH_PAIN',0.083,0.189,0.083,'2022-08-04 21:16:01'),('01G9MKD5W3EE0S3MZ4YTHGYRHR','TEMPERATURE',0,0,0,'2022-08-04 21:16:01'),('01G9MKDAN1GAX68VCPCVQ5SXJ9','CHEST_PAIN',0.609,0.083,0,'2022-08-04 21:16:06'),('01G9MKDAN1GAX68VCPCVQ5SXJ9','COUGH',0,0,0,'2022-08-04 21:16:06'),('01G9MKDAN1GAX68VCPCVQ5SXJ9','HEADACHE',0.083,0.083,0.295,'2022-08-04 21:16:06'),('01G9MKDAN1GAX68VCPCVQ5SXJ9','STOMACH_PAIN',0.083,0.189,0.083,'2022-08-04 21:16:06'),('01G9MKDAN1GAX68VCPCVQ5SXJ9','TEMPERATURE',0,0,0,'2022-08-04 21:16:06'),('01G9MKDDZBKADKFCP1N7NST29T','CHEST_PAIN',0,0.083,0,'2022-08-04 21:16:09'),('01G9MKDDZBKADKFCP1N7NST29T','COUGH',0,0,0,'2022-08-04 21:16:09'),('01G9MKDDZBKADKFCP1N7NST29T','HEADACHE',0.083,0.083,0.295,'2022-08-04 21:16:09'),('01G9MKDDZBKADKFCP1N7NST29T','STOMACH_PAIN',0.083,0.189,0.083,'2022-08-04 21:16:09'),('01G9MKDDZBKADKFCP1N7NST29T','TEMPERATURE',0,0,0,'2022-08-04 21:16:09'),('01G9MKDM575TM7FWGZRJ4PXCFK','CHEST_PAIN',0,0.083,0,'2022-08-04 21:16:16'),('01G9MKDM575TM7FWGZRJ4PXCFK','COUGH',0,0,0,'2022-08-04 21:16:16'),('01G9MKDM575TM7FWGZRJ4PXCFK','HEADACHE',0.083,0.083,0.295,'2022-08-04 21:16:16'),('01G9MKDM575TM7FWGZRJ4PXCFK','STOMACH_PAIN',0.609,0.189,0.083,'2022-08-04 21:16:16'),('01G9MKDM575TM7FWGZRJ4PXCFK','TEMPERATURE',0.609,0,0,'2022-08-04 21:16:16'),('01G9MKDTNVMKDKCAP47FFNHP3R','CHEST_PAIN',0.89,0.083,0,'2022-08-04 21:16:22'),('01G9MKDTNVMKDKCAP47FFNHP3R','COUGH',0,0,0,'2022-08-04 21:16:22'),('01G9MKDTNVMKDKCAP47FFNHP3R','HEADACHE',0.083,0.083,0.295,'2022-08-04 21:16:22'),('01G9MKDTNVMKDKCAP47FFNHP3R','STOMACH_PAIN',0.609,0.189,0.083,'2022-08-04 21:16:22'),('01G9MKDTNVMKDKCAP47FFNHP3R','TEMPERATURE',0.609,0,0,'2022-08-04 21:16:22'),('01G9MMDT8FCA59JG9EAYM4S2KM','CHEST_PAIN',0.295,0.295,0.189,'2022-08-04 14:33:51'),('01G9MMDT8FCA59JG9EAYM4S2KM','COUGH',0.083,0.609,0.083,'2022-08-04 14:33:51'),('01G9MMDT8FCA59JG9EAYM4S2KM','HEADACHE',0,0.671,0.189,'2022-08-04 14:33:51'),('01G9MMDT8FCA59JG9EAYM4S2KM','STOMACH_PAIN',0.609,0.083,0.189,'2022-08-04 14:33:51'),('01G9MMDT8FCA59JG9EAYM4S2KM','TEMPERATURE',0.43,0.189,0.189,'2022-08-04 14:33:51');
/*!40000 ALTER TABLE `patient_symptom` ENABLE KEYS */;
UNLOCK TABLES;

--
-- Table structure for table `pfs_examination_result`
--

DROP TABLE IF EXISTS `pfs_examination_result`;
/*!40101 SET @saved_cs_client     = @@character_set_client */;
/*!50503 SET character_set_client = utf8mb4 */;
CREATE TABLE `pfs_examination_result` (
  `examination_id` varchar(50) NOT NULL,
  `diagnose` varchar(50) NOT NULL,
  `probability` double DEFAULT NULL,
  PRIMARY KEY (`examination_id`,`diagnose`)
) ENGINE=InnoDB DEFAULT CHARSET=utf8mb3;
/*!40101 SET character_set_client = @saved_cs_client */;

--
-- Dumping data for table `pfs_examination_result`
--

LOCK TABLES `pfs_examination_result` WRITE;
/*!40000 ALTER TABLE `pfs_examination_result` DISABLE KEYS */;
INSERT INTO `pfs_examination_result` VALUES ('01G1QH3P4FXEK2H8BZ87FKFME5','CHEST_PROBLEM',0.06),('01G1QH3P4FXEK2H8BZ87FKFME5','FEVER',0.41),('01G1QH3P4FXEK2H8BZ87FKFME5','MALARIA',0.683),('01G1QH3P4FXEK2H8BZ87FKFME5','STOMACH',0.21),('01G1QH3P4FXEK2H8BZ87FKFME5','TYPHOID',0.682),('01G1QJE2NNCBBAPHCRGR1TJ4F9','CHEST_PROBLEM',0.06),('01G1QJE2NNCBBAPHCRGR1TJ4F9','FEVER',0.355),('01G1QJE2NNCBBAPHCRGR1TJ4F9','MALARIA',0.683),('01G1QJE2NNCBBAPHCRGR1TJ4F9','STOMACH',0.21),('01G1QJE2NNCBBAPHCRGR1TJ4F9','TYPHOID',0.682),('01G1QJGT80MT93V8VNKD6QW6MA','CHEST_PROBLEM',0.06),('01G1QJGT80MT93V8VNKD6QW6MA','FEVER',0.41),('01G1QJGT80MT93V8VNKD6QW6MA','MALARIA',0.683),('01G1QJGT80MT93V8VNKD6QW6MA','STOMACH',0.21),('01G1QJGT80MT93V8VNKD6QW6MA','TYPHOID',0.682),('01G6G9NVZJ5EY845R03VK1MB4Z','CHEST_PROBLEM',0.06),('01G6G9NVZJ5EY845R03VK1MB4Z','FEVER',0.408),('01G6G9NVZJ5EY845R03VK1MB4Z','MALARIA',0.793),('01G6G9NVZJ5EY845R03VK1MB4Z','STOMACH',0.206),('01G6G9NVZJ5EY845R03VK1MB4Z','TYPHOID',0.682),('01G6G9SFP12PY9X5EV30DZV8WH','CHEST_PROBLEM',0.11),('01G6G9SFP12PY9X5EV30DZV8WH','FEVER',0.405),('01G6G9SFP12PY9X5EV30DZV8WH','MALARIA',0.79),('01G6G9SFP12PY9X5EV30DZV8WH','STOMACH',0.2),('01G6G9SFP12PY9X5EV30DZV8WH','TYPHOID',0.68),('01G6HKN9N05AV4ZRGFFK90P3XX','CHEST_PROBLEM',0.06),('01G6HKN9N05AV4ZRGFFK90P3XX','FEVER',0.408),('01G6HKN9N05AV4ZRGFFK90P3XX','MALARIA',0.793),('01G6HKN9N05AV4ZRGFFK90P3XX','STOMACH',0.206),('01G6HKN9N05AV4ZRGFFK90P3XX','TYPHOID',0.682),('01G6SZCDMKM0HKTFDK561JWQS3','CHEST_PROBLEM',0.06),('01G6SZCDMKM0HKTFDK561JWQS3','FEVER',0.408),('01G6SZCDMKM0HKTFDK561JWQS3','MALARIA',0.793),('01G6SZCDMKM0HKTFDK561JWQS3','STOMACH',0.206),('01G6SZCDMKM0HKTFDK561JWQS3','TYPHOID',0.682),('01G8Z7JF7T19J9JEHH6FESRF2A','CHEST_PROBLEM',0.06),('01G8Z7JF7T19J9JEHH6FESRF2A','FEVER',0.408),('01G8Z7JF7T19J9JEHH6FESRF2A','MALARIA',0.793),('01G8Z7JF7T19J9JEHH6FESRF2A','STOMACH',0.206),('01G8Z7JF7T19J9JEHH6FESRF2A','TYPHOID',0.682),('01G8ZA7TYPSHXHP4KRTPQTASB8','CHEST_PROBLEM',0.06),('01G8ZA7TYPSHXHP4KRTPQTASB8','FEVER',0.408),('01G8ZA7TYPSHXHP4KRTPQTASB8','MALARIA',0.793),('01G8ZA7TYPSHXHP4KRTPQTASB8','STOMACH',0.206),('01G8ZA7TYPSHXHP4KRTPQTASB8','TYPHOID',0.682),('01G8ZDDTM1RM6ZYTFRHDNVPQQY','CHEST_PROBLEM',0.05),('01G8ZDDTM1RM6ZYTFRHDNVPQQY','FEVER',0.425),('01G8ZDDTM1RM6ZYTFRHDNVPQQY','MALARIA',0.79),('01G8ZDDTM1RM6ZYTFRHDNVPQQY','STOMACH',0.2),('01G8ZDDTM1RM6ZYTFRHDNVPQQY','TYPHOID',0.68),('01G8ZDE26VY5PB9MS8MV34AN40','CHEST_PROBLEM',0.05),('01G8ZDE26VY5PB9MS8MV34AN40','FEVER',0.425),('01G8ZDE26VY5PB9MS8MV34AN40','MALARIA',0.79),('01G8ZDE26VY5PB9MS8MV34AN40','STOMACH',0.2),('01G8ZDE26VY5PB9MS8MV34AN40','TYPHOID',0.68),('01G8ZDE6KP0E69E0ETX9GP9BC6','CHEST_PROBLEM',0.06),('01G8ZDE6KP0E69E0ETX9GP9BC6','FEVER',0.408),('01G8ZDE6KP0E69E0ETX9GP9BC6','MALARIA',0.793),('01G8ZDE6KP0E69E0ETX9GP9BC6','STOMACH',0.206),('01G8ZDE6KP0E69E0ETX9GP9BC6','TYPHOID',0.682),('01G8ZDEQKX9P7HYF3XTWP5AEEY','CHEST_PROBLEM',0.286),('01G8ZDEQKX9P7HYF3XTWP5AEEY','FEVER',0.356),('01G8ZDEQKX9P7HYF3XTWP5AEEY','MALARIA',0.457),('01G8ZDEQKX9P7HYF3XTWP5AEEY','STOMACH',0.606),('01G8ZDEQKX9P7HYF3XTWP5AEEY','TYPHOID',0.19),('01G8ZEVQ4RBSPTTQ7JCHSZZ40J','CHEST_PROBLEM',0.286),('01G8ZEVQ4RBSPTTQ7JCHSZZ40J','FEVER',0.356),('01G8ZEVQ4RBSPTTQ7JCHSZZ40J','MALARIA',0.457),('01G8ZEVQ4RBSPTTQ7JCHSZZ40J','STOMACH',0.606),('01G8ZEVQ4RBSPTTQ7JCHSZZ40J','TYPHOID',0.19),('01G8ZEWDSQPNFNKW9ASNMEXP56','CHEST_PROBLEM',0.286),('01G8ZEWDSQPNFNKW9ASNMEXP56','FEVER',0.356),('01G8ZEWDSQPNFNKW9ASNMEXP56','MALARIA',0.457),('01G8ZEWDSQPNFNKW9ASNMEXP56','STOMACH',0.606),('01G8ZEWDSQPNFNKW9ASNMEXP56','TYPHOID',0.19),('01G8ZF4XW5QNQ3EGGDMF3C32CX','CHEST_PROBLEM',0.286),('01G8ZF4XW5QNQ3EGGDMF3C32CX','FEVER',0.356),('01G8ZF4XW5QNQ3EGGDMF3C32CX','MALARIA',0.457),('01G8ZF4XW5QNQ3EGGDMF3C32CX','STOMACH',0.606),('01G8ZF4XW5QNQ3EGGDMF3C32CX','TYPHOID',0.19),('01G8ZF5KNYZ2PP2S4X5NFEQNJ2','CHEST_PROBLEM',0.286),('01G8ZF5KNYZ2PP2S4X5NFEQNJ2','FEVER',0.356),('01G8ZF5KNYZ2PP2S4X5NFEQNJ2','MALARIA',0.457),('01G8ZF5KNYZ2PP2S4X5NFEQNJ2','STOMACH',0.606),('01G8ZF5KNYZ2PP2S4X5NFEQNJ2','TYPHOID',0.19),('01G8ZF638MFHT9QEAVWZ4CNNS4','CHEST_PROBLEM',0.286),('01G8ZF638MFHT9QEAVWZ4CNNS4','FEVER',0.356),('01G8ZF638MFHT9QEAVWZ4CNNS4','MALARIA',0.457),('01G8ZF638MFHT9QEAVWZ4CNNS4','STOMACH',0.606),('01G8ZF638MFHT9QEAVWZ4CNNS4','TYPHOID',0.19),('01G8ZFD1D0KWMKRZF9DQNQ7BK1','CHEST_PROBLEM',0.286),('01G8ZFD1D0KWMKRZF9DQNQ7BK1','FEVER',0.356),('01G8ZFD1D0KWMKRZF9DQNQ7BK1','MALARIA',0.457),('01G8ZFD1D0KWMKRZF9DQNQ7BK1','STOMACH',0.606),('01G8ZFD1D0KWMKRZF9DQNQ7BK1','TYPHOID',0.19),('01G8ZFDDKRXS2GTN7GFZD9MB17','CHEST_PROBLEM',0.286),('01G8ZFDDKRXS2GTN7GFZD9MB17','FEVER',0.356),('01G8ZFDDKRXS2GTN7GFZD9MB17','MALARIA',0.457),('01G8ZFDDKRXS2GTN7GFZD9MB17','STOMACH',0.606),('01G8ZFDDKRXS2GTN7GFZD9MB17','TYPHOID',0.19),('01G8ZFE569C9TD3T23BEXSXDVR','CHEST_PROBLEM',0.286),('01G8ZFE569C9TD3T23BEXSXDVR','FEVER',0.356),('01G8ZFE569C9TD3T23BEXSXDVR','MALARIA',0.457),('01G8ZFE569C9TD3T23BEXSXDVR','STOMACH',0.606),('01G8ZFE569C9TD3T23BEXSXDVR','TYPHOID',0.19),('01G8ZG6DYGTMQS82A4A918PZSC','CHEST_PROBLEM',0.286),('01G8ZG6DYGTMQS82A4A918PZSC','FEVER',0.356),('01G8ZG6DYGTMQS82A4A918PZSC','MALARIA',0.457),('01G8ZG6DYGTMQS82A4A918PZSC','STOMACH',0.606),('01G8ZG6DYGTMQS82A4A918PZSC','TYPHOID',0.19),('01G8ZG7EK2P47YDWW6JWYCADSW','CHEST_PROBLEM',0.286),('01G8ZG7EK2P47YDWW6JWYCADSW','FEVER',0.356),('01G8ZG7EK2P47YDWW6JWYCADSW','MALARIA',0.457),('01G8ZG7EK2P47YDWW6JWYCADSW','STOMACH',0.606),('01G8ZG7EK2P47YDWW6JWYCADSW','TYPHOID',0.19),('01G8ZG7XMGXDKMK5DKB20B7SHW','CHEST_PROBLEM',0.286),('01G8ZG7XMGXDKMK5DKB20B7SHW','FEVER',0.356),('01G8ZG7XMGXDKMK5DKB20B7SHW','MALARIA',0.457),('01G8ZG7XMGXDKMK5DKB20B7SHW','STOMACH',0.606),('01G8ZG7XMGXDKMK5DKB20B7SHW','TYPHOID',0.19),('01G8ZG8K225W1YM15G2CNES1S9','CHEST_PROBLEM',0.286),('01G8ZG8K225W1YM15G2CNES1S9','FEVER',0.356),('01G8ZG8K225W1YM15G2CNES1S9','MALARIA',0.457),('01G8ZG8K225W1YM15G2CNES1S9','STOMACH',0.606),('01G8ZG8K225W1YM15G2CNES1S9','TYPHOID',0.19),('01G8ZGDP9YBHG8MZ7Y485AS0V5','CHEST_PROBLEM',0.286),('01G8ZGDP9YBHG8MZ7Y485AS0V5','FEVER',0.356),('01G8ZGDP9YBHG8MZ7Y485AS0V5','MALARIA',0.457),('01G8ZGDP9YBHG8MZ7Y485AS0V5','STOMACH',0.606),('01G8ZGDP9YBHG8MZ7Y485AS0V5','TYPHOID',0.19),('01G8ZGEC6F6A3PN5K3JXYG8J7Y','CHEST_PROBLEM',0.286),('01G8ZGEC6F6A3PN5K3JXYG8J7Y','FEVER',0.356),('01G8ZGEC6F6A3PN5K3JXYG8J7Y','MALARIA',0.457),('01G8ZGEC6F6A3PN5K3JXYG8J7Y','STOMACH',0.606),('01G8ZGEC6F6A3PN5K3JXYG8J7Y','TYPHOID',0.19),('01G8ZGFDH99751V3E99MW1X09P','CHEST_PROBLEM',0.286),('01G8ZGFDH99751V3E99MW1X09P','FEVER',0.356),('01G8ZGFDH99751V3E99MW1X09P','MALARIA',0.457),('01G8ZGFDH99751V3E99MW1X09P','STOMACH',0.606),('01G8ZGFDH99751V3E99MW1X09P','TYPHOID',0.19),('01G8ZGFNE48RNP1JB57QSEBASZ','CHEST_PROBLEM',0.286),('01G8ZGFNE48RNP1JB57QSEBASZ','FEVER',0.356),('01G8ZGFNE48RNP1JB57QSEBASZ','MALARIA',0.457),('01G8ZGFNE48RNP1JB57QSEBASZ','STOMACH',0.606),('01G8ZGFNE48RNP1JB57QSEBASZ','TYPHOID',0.19),('01G8ZGFWV091SS7YRV26RJ47T5','CHEST_PROBLEM',0.286),('01G8ZGFWV091SS7YRV26RJ47T5','FEVER',0.356),('01G8ZGFWV091SS7YRV26RJ47T5','MALARIA',0.457),('01G8ZGFWV091SS7YRV26RJ47T5','STOMACH',0.606),('01G8ZGFWV091SS7YRV26RJ47T5','TYPHOID',0.19),('01G8ZGG8XNMT3AD190Z1AMDFDJ','CHEST_PROBLEM',0.286),('01G8ZGG8XNMT3AD190Z1AMDFDJ','FEVER',0.356),('01G8ZGG8XNMT3AD190Z1AMDFDJ','MALARIA',0.457),('01G8ZGG8XNMT3AD190Z1AMDFDJ','STOMACH',0.606),('01G8ZGG8XNMT3AD190Z1AMDFDJ','TYPHOID',0.19),('01G8ZGGFVDVYWP8170Q3ZW5KND','CHEST_PROBLEM',0.286),('01G8ZGGFVDVYWP8170Q3ZW5KND','FEVER',0.356),('01G8ZGGFVDVYWP8170Q3ZW5KND','MALARIA',0.457),('01G8ZGGFVDVYWP8170Q3ZW5KND','STOMACH',0.606),('01G8ZGGFVDVYWP8170Q3ZW5KND','TYPHOID',0.19),('01G8ZGJXE1S6Z48A1216617NF2','CHEST_PROBLEM',0.286),('01G8ZGJXE1S6Z48A1216617NF2','FEVER',0.356),('01G8ZGJXE1S6Z48A1216617NF2','MALARIA',0.457),('01G8ZGJXE1S6Z48A1216617NF2','STOMACH',0.606),('01G8ZGJXE1S6Z48A1216617NF2','TYPHOID',0.19),('01G8ZGKFFX1KER0C3A43Z3MQM8','CHEST_PROBLEM',0.286),('01G8ZGKFFX1KER0C3A43Z3MQM8','FEVER',0.356),('01G8ZGKFFX1KER0C3A43Z3MQM8','MALARIA',0.457),('01G8ZGKFFX1KER0C3A43Z3MQM8','STOMACH',0.606),('01G8ZGKFFX1KER0C3A43Z3MQM8','TYPHOID',0.19),('01G8ZGKJQ0TEXQ5J4YH85Y20WZ','CHEST_PROBLEM',0.286),('01G8ZGKJQ0TEXQ5J4YH85Y20WZ','FEVER',0.356),('01G8ZGKJQ0TEXQ5J4YH85Y20WZ','MALARIA',0.457),('01G8ZGKJQ0TEXQ5J4YH85Y20WZ','STOMACH',0.606),('01G8ZGKJQ0TEXQ5J4YH85Y20WZ','TYPHOID',0.19),('01G8ZGKK9NR44PT47C76XVAE3T','CHEST_PROBLEM',0.286),('01G8ZGKK9NR44PT47C76XVAE3T','FEVER',0.356),('01G8ZGKK9NR44PT47C76XVAE3T','MALARIA',0.457),('01G8ZGKK9NR44PT47C76XVAE3T','STOMACH',0.606),('01G8ZGKK9NR44PT47C76XVAE3T','TYPHOID',0.19),('01G8ZGN2KE45D7C17AWEZPB5BW','CHEST_PROBLEM',0.286),('01G8ZGN2KE45D7C17AWEZPB5BW','FEVER',0.356),('01G8ZGN2KE45D7C17AWEZPB5BW','MALARIA',0.457),('01G8ZGN2KE45D7C17AWEZPB5BW','STOMACH',0.606),('01G8ZGN2KE45D7C17AWEZPB5BW','TYPHOID',0.19),('01G8ZHJSJMC2AHF7ZYHCCV3B96','CHEST_PROBLEM',0.286),('01G8ZHJSJMC2AHF7ZYHCCV3B96','FEVER',0.356),('01G8ZHJSJMC2AHF7ZYHCCV3B96','MALARIA',0.457),('01G8ZHJSJMC2AHF7ZYHCCV3B96','STOMACH',0.606),('01G8ZHJSJMC2AHF7ZYHCCV3B96','TYPHOID',0.19),('01G8ZHQ6HSQXFTYRZZB1Z37BAG','CHEST_PROBLEM',0.286),('01G8ZHQ6HSQXFTYRZZB1Z37BAG','FEVER',0.356),('01G8ZHQ6HSQXFTYRZZB1Z37BAG','MALARIA',0.457),('01G8ZHQ6HSQXFTYRZZB1Z37BAG','STOMACH',0.606),('01G8ZHQ6HSQXFTYRZZB1Z37BAG','TYPHOID',0.19),('01G8ZHREW78E9YW9GWNFA4RM5P','CHEST_PROBLEM',0.286),('01G8ZHREW78E9YW9GWNFA4RM5P','FEVER',0.356),('01G8ZHREW78E9YW9GWNFA4RM5P','MALARIA',0.457),('01G8ZHREW78E9YW9GWNFA4RM5P','STOMACH',0.606),('01G8ZHREW78E9YW9GWNFA4RM5P','TYPHOID',0.19),('01G8ZHSSN3XY58THFWF5B1VS5P','CHEST_PROBLEM',0.286),('01G8ZHSSN3XY58THFWF5B1VS5P','FEVER',0.356),('01G8ZHSSN3XY58THFWF5B1VS5P','MALARIA',0.457),('01G8ZHSSN3XY58THFWF5B1VS5P','STOMACH',0.606),('01G8ZHSSN3XY58THFWF5B1VS5P','TYPHOID',0.19),('01G8ZHT4BF6TBZVCS7SKG0PSTQ','CHEST_PROBLEM',0.286),('01G8ZHT4BF6TBZVCS7SKG0PSTQ','FEVER',0.356),('01G8ZHT4BF6TBZVCS7SKG0PSTQ','MALARIA',0.457),('01G8ZHT4BF6TBZVCS7SKG0PSTQ','STOMACH',0.606),('01G8ZHT4BF6TBZVCS7SKG0PSTQ','TYPHOID',0.19),('01G8ZHV0MYNER3ES54NXMFT0CD','CHEST_PROBLEM',0.286),('01G8ZHV0MYNER3ES54NXMFT0CD','FEVER',0.356),('01G8ZHV0MYNER3ES54NXMFT0CD','MALARIA',0.457),('01G8ZHV0MYNER3ES54NXMFT0CD','STOMACH',0.606),('01G8ZHV0MYNER3ES54NXMFT0CD','TYPHOID',0.19),('01G8ZHVYBGZC8HC9Q25R3ZPRDT','CHEST_PROBLEM',0.286),('01G8ZHVYBGZC8HC9Q25R3ZPRDT','FEVER',0.356),('01G8ZHVYBGZC8HC9Q25R3ZPRDT','MALARIA',0.457),('01G8ZHVYBGZC8HC9Q25R3ZPRDT','STOMACH',0.606),('01G8ZHVYBGZC8HC9Q25R3ZPRDT','TYPHOID',0.19),('01G8ZHYTQ13NH1NRYVPQJCFEKR','CHEST_PROBLEM',-0.048),('01G8ZHYTQ13NH1NRYVPQJCFEKR','FEVER',-0.048),('01G8ZHYTQ13NH1NRYVPQJCFEKR','MALARIA',-0.048),('01G8ZHYTQ13NH1NRYVPQJCFEKR','STOMACH',-0.01),('01G8ZHYTQ13NH1NRYVPQJCFEKR','TYPHOID',-0.029),('01G8ZJ7PJ2Z5NSW8CSQE5DV8PQ','CHEST_PROBLEM',0),('01G8ZJ7PJ2Z5NSW8CSQE5DV8PQ','FEVER',0),('01G8ZJ7PJ2Z5NSW8CSQE5DV8PQ','MALARIA',0),('01G8ZJ7PJ2Z5NSW8CSQE5DV8PQ','STOMACH',0),('01G8ZJ7PJ2Z5NSW8CSQE5DV8PQ','TYPHOID',0),('01G8ZJ89WZTJH49B4CQ8ZNPMR8','CHEST_PROBLEM',0),('01G8ZJ89WZTJH49B4CQ8ZNPMR8','FEVER',0),('01G8ZJ89WZTJH49B4CQ8ZNPMR8','MALARIA',0),('01G8ZJ89WZTJH49B4CQ8ZNPMR8','STOMACH',0),('01G8ZJ89WZTJH49B4CQ8ZNPMR8','TYPHOID',0),('01G8ZJ8ZGVBB34GGZAMBPAF3Q8','CHEST_PROBLEM',0.368),('01G8ZJ8ZGVBB34GGZAMBPAF3Q8','FEVER',0.356),('01G8ZJ8ZGVBB34GGZAMBPAF3Q8','MALARIA',0.49),('01G8ZJ8ZGVBB34GGZAMBPAF3Q8','STOMACH',0.621),('01G8ZJ8ZGVBB34GGZAMBPAF3Q8','TYPHOID',0.296),('01G8ZMN06SDXRJSV1CH55AE3BR','CHEST_PROBLEM',0.368),('01G8ZMN06SDXRJSV1CH55AE3BR','FEVER',0.356),('01G8ZMN06SDXRJSV1CH55AE3BR','MALARIA',0.49),('01G8ZMN06SDXRJSV1CH55AE3BR','STOMACH',0.621),('01G8ZMN06SDXRJSV1CH55AE3BR','TYPHOID',0.296),('01G8ZV3EKPBE28YEJEEY0BAM3H','CHEST_PROBLEM',0.368),('01G8ZV3EKPBE28YEJEEY0BAM3H','FEVER',0.356),('01G8ZV3EKPBE28YEJEEY0BAM3H','MALARIA',0.49),('01G8ZV3EKPBE28YEJEEY0BAM3H','STOMACH',0.621),('01G8ZV3EKPBE28YEJEEY0BAM3H','TYPHOID',0.296),('01G8ZZD3STC778ZS9E48QZ7964','CHEST_PROBLEM',0.368),('01G8ZZD3STC778ZS9E48QZ7964','FEVER',0.356),('01G8ZZD3STC778ZS9E48QZ7964','MALARIA',0.49),('01G8ZZD3STC778ZS9E48QZ7964','STOMACH',0.621),('01G8ZZD3STC778ZS9E48QZ7964','TYPHOID',0.296),('01G908BXH4NBRBM6XXTVS4NMY7','CHEST_PROBLEM',0.368),('01G908BXH4NBRBM6XXTVS4NMY7','FEVER',0.356),('01G908BXH4NBRBM6XXTVS4NMY7','MALARIA',0.49),('01G908BXH4NBRBM6XXTVS4NMY7','STOMACH',0.621),('01G908BXH4NBRBM6XXTVS4NMY7','TYPHOID',0.296),('01G925B3C8QHJGT63M0P6X10TC','CHEST_PROBLEM',0.368),('01G925B3C8QHJGT63M0P6X10TC','FEVER',0.356),('01G925B3C8QHJGT63M0P6X10TC','MALARIA',0.49),('01G925B3C8QHJGT63M0P6X10TC','STOMACH',0.621),('01G925B3C8QHJGT63M0P6X10TC','TYPHOID',0.296),('01G92Q650KT47VZKCA07WPTEFA','CHEST_PROBLEM',0.368),('01G92Q650KT47VZKCA07WPTEFA','FEVER',0.356),('01G92Q650KT47VZKCA07WPTEFA','MALARIA',0.49),('01G92Q650KT47VZKCA07WPTEFA','STOMACH',0.621),('01G92Q650KT47VZKCA07WPTEFA','TYPHOID',0.296),('01G94GKNTA2AJXP40BWGJB45M3','CHEST_PROBLEM',0.194),('01G94GKNTA2AJXP40BWGJB45M3','FEVER',0.437),('01G94GKNTA2AJXP40BWGJB45M3','MALARIA',0.798),('01G94GKNTA2AJXP40BWGJB45M3','STOMACH',0.286),('01G94GKNTA2AJXP40BWGJB45M3','TYPHOID',0.699),('01G94HZ56B5CSP020BBGHY04D9','CHEST_PROBLEM',0.368),('01G94HZ56B5CSP020BBGHY04D9','FEVER',0.356),('01G94HZ56B5CSP020BBGHY04D9','MALARIA',0.49),('01G94HZ56B5CSP020BBGHY04D9','STOMACH',0.621),('01G94HZ56B5CSP020BBGHY04D9','TYPHOID',0.296),('01G94PM3HZDD7BWK199E3E2PB2','CHEST_PROBLEM',0.368),('01G94PM3HZDD7BWK199E3E2PB2','FEVER',0.356),('01G94PM3HZDD7BWK199E3E2PB2','MALARIA',0.49),('01G94PM3HZDD7BWK199E3E2PB2','STOMACH',0.621),('01G94PM3HZDD7BWK199E3E2PB2','TYPHOID',0.296),('01G959G5VFWJR23MN8N438RCVS','CHEST_PROBLEM',0.368),('01G959G5VFWJR23MN8N438RCVS','FEVER',0.356),('01G959G5VFWJR23MN8N438RCVS','MALARIA',0.49),('01G959G5VFWJR23MN8N438RCVS','STOMACH',0.621),('01G959G5VFWJR23MN8N438RCVS','TYPHOID',0.296),('01G97JW69EH07BTA405853GZ7V','CHEST_PROBLEM',0.368),('01G97JW69EH07BTA405853GZ7V','FEVER',0.356),('01G97JW69EH07BTA405853GZ7V','MALARIA',0.49),('01G97JW69EH07BTA405853GZ7V','STOMACH',0.621),('01G97JW69EH07BTA405853GZ7V','TYPHOID',0.296),('01G97QEAQTA0DERKV499N7SZ4W','CHEST_PROBLEM',0.368),('01G97QEAQTA0DERKV499N7SZ4W','FEVER',0.356),('01G97QEAQTA0DERKV499N7SZ4W','MALARIA',0.49),('01G97QEAQTA0DERKV499N7SZ4W','STOMACH',0.621),('01G97QEAQTA0DERKV499N7SZ4W','TYPHOID',0.296),('01G9FCSPG1CHAWSHFA91BT2P90','CHEST_PROBLEM',0.368),('01G9FCSPG1CHAWSHFA91BT2P90','FEVER',0.356),('01G9FCSPG1CHAWSHFA91BT2P90','MALARIA',0.49),('01G9FCSPG1CHAWSHFA91BT2P90','STOMACH',0.621),('01G9FCSPG1CHAWSHFA91BT2P90','TYPHOID',0.296),('01G9FCYNNQHRSBMXHAP5647GWA','CHEST_PROBLEM',0.368),('01G9FCYNNQHRSBMXHAP5647GWA','FEVER',0.356),('01G9FCYNNQHRSBMXHAP5647GWA','MALARIA',0.49),('01G9FCYNNQHRSBMXHAP5647GWA','STOMACH',0.621),('01G9FCYNNQHRSBMXHAP5647GWA','TYPHOID',0.296),('01G9FDWH631RTJK93FAS7P7WWF','CHEST_PROBLEM',0.368),('01G9FDWH631RTJK93FAS7P7WWF','FEVER',0.356),('01G9FDWH631RTJK93FAS7P7WWF','MALARIA',0.49),('01G9FDWH631RTJK93FAS7P7WWF','STOMACH',0.621),('01G9FDWH631RTJK93FAS7P7WWF','TYPHOID',0.296),('01G9FDZCSJNHFY977STT365E9G','CHEST_PROBLEM',0.368),('01G9FDZCSJNHFY977STT365E9G','FEVER',0.356),('01G9FDZCSJNHFY977STT365E9G','MALARIA',0.49),('01G9FDZCSJNHFY977STT365E9G','STOMACH',0.621),('01G9FDZCSJNHFY977STT365E9G','TYPHOID',0.296),('01G9FEDBD6TYC3KQBW1JZCFDS1','CHEST_PROBLEM',0.368),('01G9FEDBD6TYC3KQBW1JZCFDS1','FEVER',0.356),('01G9FEDBD6TYC3KQBW1JZCFDS1','MALARIA',0.49),('01G9FEDBD6TYC3KQBW1JZCFDS1','STOMACH',0.621),('01G9FEDBD6TYC3KQBW1JZCFDS1','TYPHOID',0.296),('01G9FEH6K5J50043WFAV548869','CHEST_PROBLEM',0.368),('01G9FEH6K5J50043WFAV548869','FEVER',0.356),('01G9FEH6K5J50043WFAV548869','MALARIA',0.49),('01G9FEH6K5J50043WFAV548869','STOMACH',0.621),('01G9FEH6K5J50043WFAV548869','TYPHOID',0.296),('01G9FESB4F1KX8CB689E1J9MW9','CHEST_PROBLEM',0.368),('01G9FESB4F1KX8CB689E1J9MW9','FEVER',0.356),('01G9FESB4F1KX8CB689E1J9MW9','MALARIA',0.49),('01G9FESB4F1KX8CB689E1J9MW9','STOMACH',0.621),('01G9FESB4F1KX8CB689E1J9MW9','TYPHOID',0.296),('01G9FF88HGHV21CZB3KMQVG2DG','CHEST_PROBLEM',0.368),('01G9FF88HGHV21CZB3KMQVG2DG','FEVER',0.356),('01G9FF88HGHV21CZB3KMQVG2DG','MALARIA',0.49),('01G9FF88HGHV21CZB3KMQVG2DG','STOMACH',0.621),('01G9FF88HGHV21CZB3KMQVG2DG','TYPHOID',0.296),('01G9FFACFRYCV510A6RJKRB697','CHEST_PROBLEM',0.368),('01G9FFACFRYCV510A6RJKRB697','FEVER',0.356),('01G9FFACFRYCV510A6RJKRB697','MALARIA',0.49),('01G9FFACFRYCV510A6RJKRB697','STOMACH',0.621),('01G9FFACFRYCV510A6RJKRB697','TYPHOID',0.296),('01G9JA1Z9B96MRQX4S7A5NXSPS','CHEST_PROBLEM',0.368),('01G9JA1Z9B96MRQX4S7A5NXSPS','FEVER',0.356),('01G9JA1Z9B96MRQX4S7A5NXSPS','MALARIA',0.49),('01G9JA1Z9B96MRQX4S7A5NXSPS','STOMACH',0.621),('01G9JA1Z9B96MRQX4S7A5NXSPS','TYPHOID',0.296),('01G9JBGZSCKJZVQRXWQ7PHC62N','CHEST_PROBLEM',0.368),('01G9JBGZSCKJZVQRXWQ7PHC62N','FEVER',0.356),('01G9JBGZSCKJZVQRXWQ7PHC62N','MALARIA',0.49),('01G9JBGZSCKJZVQRXWQ7PHC62N','STOMACH',0.621),('01G9JBGZSCKJZVQRXWQ7PHC62N','TYPHOID',0.296),('01G9JHXP7689XDANGSE7ZP7PXQ','CHEST_PROBLEM',0.368),('01G9JHXP7689XDANGSE7ZP7PXQ','FEVER',0.356),('01G9JHXP7689XDANGSE7ZP7PXQ','MALARIA',0.49),('01G9JHXP7689XDANGSE7ZP7PXQ','STOMACH',0.621),('01G9JHXP7689XDANGSE7ZP7PXQ','TYPHOID',0.296),('01G9JJDQCZ1Q31VF1J6MXRAQZ7','CHEST_PROBLEM',0.368),('01G9JJDQCZ1Q31VF1J6MXRAQZ7','FEVER',0.356),('01G9JJDQCZ1Q31VF1J6MXRAQZ7','MALARIA',0.49),('01G9JJDQCZ1Q31VF1J6MXRAQZ7','STOMACH',0.621),('01G9JJDQCZ1Q31VF1J6MXRAQZ7','TYPHOID',0.296),('01G9JJH1ME3V7ENKZYD55WG182','CHEST_PROBLEM',0.368),('01G9JJH1ME3V7ENKZYD55WG182','FEVER',0.356),('01G9JJH1ME3V7ENKZYD55WG182','MALARIA',0.49),('01G9JJH1ME3V7ENKZYD55WG182','STOMACH',0.621),('01G9JJH1ME3V7ENKZYD55WG182','TYPHOID',0.296),('01G9KD6TM0YNK0XWN1R0X83ZKT','CHEST_PROBLEM',0.368),('01G9KD6TM0YNK0XWN1R0X83ZKT','FEVER',0.356),('01G9KD6TM0YNK0XWN1R0X83ZKT','MALARIA',0.49),('01G9KD6TM0YNK0XWN1R0X83ZKT','STOMACH',0.621),('01G9KD6TM0YNK0XWN1R0X83ZKT','TYPHOID',0.296),('01G9KH7P6ARS1MW2CNCM6YA7WP','CHEST_PROBLEM',0.368),('01G9KH7P6ARS1MW2CNCM6YA7WP','FEVER',0.356),('01G9KH7P6ARS1MW2CNCM6YA7WP','MALARIA',0.49),('01G9KH7P6ARS1MW2CNCM6YA7WP','STOMACH',0.621),('01G9KH7P6ARS1MW2CNCM6YA7WP','TYPHOID',0.296),('01G9KHWQJ0JN8WJ21FZSJNY2SH','CHEST_PROBLEM',0.368),('01G9KHWQJ0JN8WJ21FZSJNY2SH','FEVER',0.356),('01G9KHWQJ0JN8WJ21FZSJNY2SH','MALARIA',0.49),('01G9KHWQJ0JN8WJ21FZSJNY2SH','STOMACH',0.621),('01G9KHWQJ0JN8WJ21FZSJNY2SH','TYPHOID',0.296),('01G9KHZ4WGHS59PABPG3F7HNZG','CHEST_PROBLEM',0.368),('01G9KHZ4WGHS59PABPG3F7HNZG','FEVER',0.356),('01G9KHZ4WGHS59PABPG3F7HNZG','MALARIA',0.49),('01G9KHZ4WGHS59PABPG3F7HNZG','STOMACH',0.621),('01G9KHZ4WGHS59PABPG3F7HNZG','TYPHOID',0.296),('01G9MJXA5CTEFY3395K3AG9FSY','CHEST_PROBLEM',0),('01G9MJXA5CTEFY3395K3AG9FSY','FEVER',0),('01G9MJXA5CTEFY3395K3AG9FSY','MALARIA',0),('01G9MJXA5CTEFY3395K3AG9FSY','STOMACH',0),('01G9MJXA5CTEFY3395K3AG9FSY','TYPHOID',0),('01G9MK8DYBW9G6N6RY50YQM9CR','CHEST_PROBLEM',0.368),('01G9MK8DYBW9G6N6RY50YQM9CR','FEVER',0.356),('01G9MK8DYBW9G6N6RY50YQM9CR','MALARIA',0.49),('01G9MK8DYBW9G6N6RY50YQM9CR','STOMACH',0.621),('01G9MK8DYBW9G6N6RY50YQM9CR','TYPHOID',0.296),('01G9MK8TBWQJ150MEFZ6FSESC3','CHEST_PROBLEM',0.285),('01G9MK8TBWQJ150MEFZ6FSESC3','FEVER',0.365),('01G9MK8TBWQJ150MEFZ6FSESC3','MALARIA',0.416),('01G9MK8TBWQJ150MEFZ6FSESC3','STOMACH',0.601),('01G9MK8TBWQJ150MEFZ6FSESC3','TYPHOID',0.295),('01G9MKB4HP3H51ZTYH3PMYNPS0','CHEST_PROBLEM',0.285),('01G9MKB4HP3H51ZTYH3PMYNPS0','FEVER',0.365),('01G9MKB4HP3H51ZTYH3PMYNPS0','MALARIA',0.416),('01G9MKB4HP3H51ZTYH3PMYNPS0','STOMACH',0.601),('01G9MKB4HP3H51ZTYH3PMYNPS0','TYPHOID',0.295),('01G9MKBA7ZTFDQE63S30EBH3XW','CHEST_PROBLEM',0.295),('01G9MKBA7ZTFDQE63S30EBH3XW','FEVER',0.1),('01G9MKBA7ZTFDQE63S30EBH3XW','MALARIA',0.03),('01G9MKBA7ZTFDQE63S30EBH3XW','STOMACH',0.609),('01G9MKBA7ZTFDQE63S30EBH3XW','TYPHOID',0.1),('01G9MKBGVX949EJQ3GDAQ6JQF4','CHEST_PROBLEM',0.1),('01G9MKBGVX949EJQ3GDAQ6JQF4','FEVER',0.1),('01G9MKBGVX949EJQ3GDAQ6JQF4','MALARIA',0.01),('01G9MKBGVX949EJQ3GDAQ6JQF4','STOMACH',0.609),('01G9MKBGVX949EJQ3GDAQ6JQF4','TYPHOID',0.1),('01G9MKBRPB9HT0DMBQNASQHQFR','CHEST_PROBLEM',0.1),('01G9MKBRPB9HT0DMBQNASQHQFR','FEVER',0.1),('01G9MKBRPB9HT0DMBQNASQHQFR','MALARIA',0.01),('01G9MKBRPB9HT0DMBQNASQHQFR','STOMACH',0.8),('01G9MKBRPB9HT0DMBQNASQHQFR','TYPHOID',0.1),('01G9MKC6A0G3GA0B07S7TPAPPH','CHEST_PROBLEM',0.01),('01G9MKC6A0G3GA0B07S7TPAPPH','FEVER',0.4),('01G9MKC6A0G3GA0B07S7TPAPPH','MALARIA',0.1),('01G9MKC6A0G3GA0B07S7TPAPPH','STOMACH',0.3),('01G9MKC6A0G3GA0B07S7TPAPPH','TYPHOID',0.75),('01G9MKCN3WH3ND49D8VTXGBDHT','CHEST_PROBLEM',0.01),('01G9MKCN3WH3ND49D8VTXGBDHT','FEVER',0.4),('01G9MKCN3WH3ND49D8VTXGBDHT','MALARIA',0.1),('01G9MKCN3WH3ND49D8VTXGBDHT','STOMACH',0.3),('01G9MKCN3WH3ND49D8VTXGBDHT','TYPHOID',0.75),('01G9MKCTKCCBBASE4251JZ984Z','CHEST_PROBLEM',0),('01G9MKCTKCCBBASE4251JZ984Z','FEVER',0),('01G9MKCTKCCBBASE4251JZ984Z','MALARIA',0),('01G9MKCTKCCBBASE4251JZ984Z','STOMACH',0),('01G9MKCTKCCBBASE4251JZ984Z','TYPHOID',0),('01G9MKD1911V7DM01MA7QMP604','CHEST_PROBLEM',0.083),('01G9MKD1911V7DM01MA7QMP604','FEVER',0.083),('01G9MKD1911V7DM01MA7QMP604','MALARIA',0.01),('01G9MKD1911V7DM01MA7QMP604','STOMACH',0.083),('01G9MKD1911V7DM01MA7QMP604','TYPHOID',0.083),('01G9MKD5W3EE0S3MZ4YTHGYRHR','CHEST_PROBLEM',0.083),('01G9MKD5W3EE0S3MZ4YTHGYRHR','FEVER',0.083),('01G9MKD5W3EE0S3MZ4YTHGYRHR','MALARIA',0.083),('01G9MKD5W3EE0S3MZ4YTHGYRHR','STOMACH',0.083),('01G9MKD5W3EE0S3MZ4YTHGYRHR','TYPHOID',0.083),('01G9MKDAN1GAX68VCPCVQ5SXJ9','CHEST_PROBLEM',0.609),('01G9MKDAN1GAX68VCPCVQ5SXJ9','FEVER',0.083),('01G9MKDAN1GAX68VCPCVQ5SXJ9','MALARIA',0.083),('01G9MKDAN1GAX68VCPCVQ5SXJ9','STOMACH',0.1),('01G9MKDAN1GAX68VCPCVQ5SXJ9','TYPHOID',0.083),('01G9MKDDZBKADKFCP1N7NST29T','CHEST_PROBLEM',0.083),('01G9MKDDZBKADKFCP1N7NST29T','FEVER',0.083),('01G9MKDDZBKADKFCP1N7NST29T','MALARIA',0.083),('01G9MKDDZBKADKFCP1N7NST29T','STOMACH',0.083),('01G9MKDDZBKADKFCP1N7NST29T','TYPHOID',0.083),('01G9MKDM575TM7FWGZRJ4PXCFK','CHEST_PROBLEM',0.1),('01G9MKDM575TM7FWGZRJ4PXCFK','FEVER',0.4),('01G9MKDM575TM7FWGZRJ4PXCFK','MALARIA',0.609),('01G9MKDM575TM7FWGZRJ4PXCFK','STOMACH',0.609),('01G9MKDM575TM7FWGZRJ4PXCFK','TYPHOID',0.3),('01G9MKDTNVMKDKCAP47FFNHP3R','CHEST_PROBLEM',0.89),('01G9MKDTNVMKDKCAP47FFNHP3R','FEVER',0.4),('01G9MKDTNVMKDKCAP47FFNHP3R','MALARIA',0.609),('01G9MKDTNVMKDKCAP47FFNHP3R','STOMACH',0.609),('01G9MKDTNVMKDKCAP47FFNHP3R','TYPHOID',0.3),('01G9MMDT8FCA59JG9EAYM4S2KM','CHEST_PROBLEM',0.285),('01G9MMDT8FCA59JG9EAYM4S2KM','FEVER',0.365),('01G9MMDT8FCA59JG9EAYM4S2KM','MALARIA',0.416),('01G9MMDT8FCA59JG9EAYM4S2KM','STOMACH',0.601),('01G9MMDT8FCA59JG9EAYM4S2KM','TYPHOID',0.295);
/*!40000 ALTER TABLE `pfs_examination_result` ENABLE KEYS */;
UNLOCK TABLES;

--
-- Table structure for table `role`
--

DROP TABLE IF EXISTS `role`;
/*!40101 SET @saved_cs_client     = @@character_set_client */;
/*!50503 SET character_set_client = utf8mb4 */;
CREATE TABLE `role` (
  `id` varchar(50) NOT NULL,
  `name` varchar(255) DEFAULT NULL,
  `description` varchar(255) DEFAULT NULL,
  `created_at` datetime NOT NULL,
  `updated_at` datetime NOT NULL,
  PRIMARY KEY (`id`),
  UNIQUE KEY `name` (`name`)
) ENGINE=InnoDB DEFAULT CHARSET=utf8mb3;
/*!40101 SET character_set_client = @saved_cs_client */;

--
-- Dumping data for table `role`
--

LOCK TABLES `role` WRITE;
/*!40000 ALTER TABLE `role` DISABLE KEYS */;
INSERT INTO `role` VALUES ('01FCZG2SXNZYGQXMPPBB8FV3ZV','ADMIN','role admin','2022-01-28 10:21:34','2022-01-28 10:21:36'),('01FCZG2SXNZYGQXMPPBB8FV4ZV','USER','role user','2022-01-28 10:21:37','2022-01-28 10:21:37'),('01FCZG2SXNZYGQXMPPBB8FV5ZV','EXPERT','role expert','2022-06-26 22:01:12','2022-06-26 22:01:14');
/*!40000 ALTER TABLE `role` ENABLE KEYS */;
UNLOCK TABLES;

--
-- Table structure for table `symptom`
--

DROP TABLE IF EXISTS `symptom`;
/*!40101 SET @saved_cs_client     = @@character_set_client */;
/*!50503 SET character_set_client = utf8mb4 */;
CREATE TABLE `symptom` (
  `name` varchar(50) NOT NULL,
  `description` text DEFAULT NULL,
  `created_at` datetime DEFAULT NULL,
  `updated_at` datetime DEFAULT NULL,
  PRIMARY KEY (`name`)
) ENGINE=InnoDB DEFAULT CHARSET=utf8mb3;
/*!40101 SET character_set_client = @saved_cs_client */;

--
-- Dumping data for table `symptom`
--

LOCK TABLES `symptom` WRITE;
/*!40000 ALTER TABLE `symptom` DISABLE KEYS */;
INSERT INTO `symptom` VALUES ('CHEST_PAIN',NULL,'2022-02-26 18:03:48','2022-02-26 18:03:50'),('COUGH',NULL,'2022-02-26 18:03:43','2022-02-26 18:03:47'),('HEADACHE',NULL,'2022-02-26 18:02:12','2022-02-26 18:02:17'),('STOMACH_PAIN',NULL,'2022-02-26 18:02:50','2022-02-26 18:03:47'),('TEMPERATURE',NULL,'2022-02-26 18:01:55','2022-02-26 18:01:57');
/*!40000 ALTER TABLE `symptom` ENABLE KEYS */;
UNLOCK TABLES;

--
-- Table structure for table `symptom_diagnose`
--

DROP TABLE IF EXISTS `symptom_diagnose`;
/*!40101 SET @saved_cs_client     = @@character_set_client */;
/*!50503 SET character_set_client = utf8mb4 */;
CREATE TABLE `symptom_diagnose` (
  `symptom` varchar(50) NOT NULL,
  `diagnose` varchar(50) NOT NULL,
  `positive` double DEFAULT NULL,
  `neutral` double DEFAULT NULL,
  `negative` double DEFAULT NULL,
  `created_at` datetime DEFAULT NULL,
  PRIMARY KEY (`symptom`,`diagnose`)
) ENGINE=InnoDB DEFAULT CHARSET=utf8mb3;
/*!40101 SET character_set_client = @saved_cs_client */;

--
-- Dumping data for table `symptom_diagnose`
--

LOCK TABLES `symptom_diagnose` WRITE;
/*!40000 ALTER TABLE `symptom_diagnose` DISABLE KEYS */;
INSERT INTO `symptom_diagnose` VALUES ('CHEST_PAIN','CHEST_PROBLEM',0.9,0.02,0.05,'2022-02-26 18:07:59'),('CHEST_PAIN','FEVER',0.05,0.25,0.6,'2022-02-26 18:07:59'),('CHEST_PAIN','MALARIA',0.03,0.07,0.8,'2022-02-26 18:07:59'),('CHEST_PAIN','STOMACH',0.1,0.1,0.7,'2022-02-26 18:07:59'),('CHEST_PAIN','TYPHOID',0.01,0.01,0.85,'2022-02-26 18:07:59'),('COUGH','CHEST_PROBLEM',0.1,0.2,0.7,'2022-02-26 18:07:59'),('COUGH','FEVER',0.45,0.2,0.1,'2022-02-26 18:07:59'),('COUGH','MALARIA',0.55,0.4,0.05,'2022-02-26 18:07:59'),('COUGH','STOMACH',0.25,0.25,0.5,'2022-02-26 18:07:59'),('COUGH','TYPHOID',0.2,0.15,0.6,'2022-02-26 18:07:59'),('HEADACHE','CHEST_PROBLEM',0.01,0.1,0.8,'2022-02-26 18:07:59'),('HEADACHE','FEVER',0.4,0.25,0.3,'2022-02-26 18:07:59'),('HEADACHE','MALARIA',0.1,0.2,0.6,'2022-02-26 18:07:59'),('HEADACHE','STOMACH',0.3,0.05,0.05,'2022-02-26 18:07:59'),('HEADACHE','TYPHOID',0.75,0.05,0.03,'2022-02-26 18:07:59'),('STOMACH_PAIN','CHEST_PROBLEM',0.1,0.15,0.75,'2022-02-26 18:07:59'),('STOMACH_PAIN','FEVER',0.1,0.25,0.6,'2022-02-26 18:07:59'),('STOMACH_PAIN','MALARIA',0.01,0.03,0.9,'2022-02-26 18:07:59'),('STOMACH_PAIN','STOMACH',0.8,0.1,0.01,'2022-02-26 18:07:59'),('STOMACH_PAIN','TYPHOID',0.1,0.2,0.7,'2022-02-26 18:07:59'),('TEMPERATURE','CHEST_PROBLEM',0.05,0.15,0.7,'2022-02-26 18:07:59'),('TEMPERATURE','FEVER',0.4,0.4,0.05,'2022-02-26 18:07:59'),('TEMPERATURE','MALARIA',0.8,0.1,0.1,'2022-02-26 18:07:59'),('TEMPERATURE','STOMACH',0.15,0.05,0.6,'2022-02-26 18:07:59'),('TEMPERATURE','TYPHOID',0.3,0.3,0.3,'2022-02-26 18:07:59');
/*!40000 ALTER TABLE `symptom_diagnose` ENABLE KEYS */;
UNLOCK TABLES;

--
-- Table structure for table `user`
--

DROP TABLE IF EXISTS `user`;
/*!40101 SET @saved_cs_client     = @@character_set_client */;
/*!50503 SET character_set_client = utf8mb4 */;
CREATE TABLE `user` (
  `id` varchar(50) NOT NULL,
  `username` varchar(100) NOT NULL,
  `email` varchar(100) NOT NULL,
  `password` varchar(100) NOT NULL,
  `password_token` varchar(255) DEFAULT NULL,
  `token_creation_date` datetime DEFAULT NULL,
  `is_enable` tinyint(1) NOT NULL,
  `first_name` varchar(80) DEFAULT NULL,
  `last_name` varchar(80) DEFAULT NULL,
  `avatar` varchar(100) DEFAULT NULL,
  `birth_date` date DEFAULT NULL,
  `gender` varchar(50) DEFAULT NULL,
  `description` text DEFAULT NULL,
  `created_at` datetime NOT NULL,
  `updated_at` datetime NOT NULL,
  `phoneNo` varchar(20) DEFAULT NULL,
  `last_login` datetime DEFAULT NULL,
  PRIMARY KEY (`id`),
  UNIQUE KEY `username` (`username`),
  UNIQUE KEY `email` (`email`)
) ENGINE=InnoDB DEFAULT CHARSET=utf8mb3;
/*!40101 SET character_set_client = @saved_cs_client */;

--
-- Dumping data for table `user`
--

LOCK TABLES `user` WRITE;
/*!40000 ALTER TABLE `user` DISABLE KEYS */;
INSERT INTO `user` VALUES ('01G6HGMM86CQ7FAN55F5E17J5M','hoangtl1','hoangtlyolo@gmail.com','$2a$10$l8o4es3AkpvtQq8dt2rUsu7.JflM40ifpCDE3yn0vBGq6fBkpt2t2',NULL,NULL,0,'tran','hoang 123','http://127.0.0.1:8080/media/user/01G7B7YNTNZD0GZT54423BABVT.jpg','1999-09-28','MALE','this is a testing description','2022-06-27 09:42:51','2022-07-30 19:55:24','0327283799','2022-07-17 21:24:07'),('01G7SMFHQKE9VGDS5H31XW0VTF','user','user@gmail.com','$2a$10$l8o4es3AkpvtQq8dt2rUsu7.JflM40ifpCDE3yn0vBGq6fBkpt2t2',NULL,NULL,1,'Trần','Hoàng','http://127.0.0.1:8080/media/user/01G7SN2X6SBCNTS0NVYNNY4P29.png',NULL,'MALE','123123test','2022-07-12 23:39:36','2022-07-13 17:43:55','0327213112','2022-08-04 11:15:55'),('01G7TXAQMQMPRVP8FFJPWKPSKA','admin','admin@gmail.com','$2a$10$q/TE7nGLFFnpRiBA.ieOSeJRdN.qEoNTxDt1jsNBUVzUot3Q50Vh6',NULL,NULL,1,'Trần','Hoàng','http://127.0.0.1:8080/media/user/01G88VDPVXSKTM1EKW9FQNSP6J.png',NULL,'FEMALE',NULL,'2022-07-13 11:33:30','2022-07-18 21:29:32','0234567213','2022-08-04 11:14:06'),('01G7VJCE9JPJ4JBJ7DBP1QD71Z','expert','expert@gmail.com','$2a$10$qjQ6MGi1Usft0C2jCdbBMeglBPJyQbku0MtvjRcQzl7fRKHmbfkbe',NULL,NULL,1,'Trần','Hoàng','http://127.0.0.1:8080/media/user/01G88YBC452EJ4KBQH93XX21WV.png',NULL,'MALE',NULL,'2022-07-13 17:41:26','2022-07-18 22:20:41','0327213112','2022-08-04 11:31:20'),('02FCZG2SXNZYGQXMPPBB8FV3ZV','hoangtl','hoangtl@gmail.com','$2a$10$J3gdfPN7BEF2fPR5g7HUnuEqZc9z8quLHVNPhAbZEUB22hSCCUqDu',NULL,NULL,1,'tran le','hoang','http://127.0.0.1:8080/media/user/01G7B84KBPJ2XAVE9CJTK3Z8SD.jpg','2022-04-20','MALE','abctest123','2022-01-28 10:23:08','2022-07-12 23:58:47','0927647837','2022-08-04 14:33:42');
/*!40000 ALTER TABLE `user` ENABLE KEYS */;
UNLOCK TABLES;

--
-- Table structure for table `user_role`
--

DROP TABLE IF EXISTS `user_role`;
/*!40101 SET @saved_cs_client     = @@character_set_client */;
/*!50503 SET character_set_client = utf8mb4 */;
CREATE TABLE `user_role` (
  `user_id` varchar(50) NOT NULL,
  `role_id` varchar(50) NOT NULL,
  `created_at` datetime NOT NULL,
  `updated_at` datetime NOT NULL,
  PRIMARY KEY (`user_id`,`role_id`)
) ENGINE=InnoDB DEFAULT CHARSET=utf8mb3;
/*!40101 SET character_set_client = @saved_cs_client */;

--
-- Dumping data for table `user_role`
--

LOCK TABLES `user_role` WRITE;
/*!40000 ALTER TABLE `user_role` DISABLE KEYS */;
INSERT INTO `user_role` VALUES ('01G6HGMM86CQ7FAN55F5E17J5M','01FCZG2SXNZYGQXMPPBB8FV4ZV','2022-07-30 19:55:24','2022-07-30 19:55:24'),('01G7SMA18HSB1FV1CC8Q921661','01FCZG2SXNZYGQXMPPBB8FV4ZV','2022-07-12 23:36:35','2022-07-12 23:36:35'),('01G7SMD0D5G227N10EJQ0EAR1G','01FCZG2SXNZYGQXMPPBB8FV4ZV','2022-07-12 23:38:13','2022-07-12 23:38:13'),('01G7SMFHQKE9VGDS5H31XW0VTF','01FCZG2SXNZYGQXMPPBB8FV4ZV','2022-07-13 17:43:55','2022-07-13 17:43:55'),('01G7TWAEAX7H9HGZ28EWTQMGXB','01FCZG2SXNZYGQXMPPBB8FV3ZV','2022-07-13 11:15:52','2022-07-13 11:15:52'),('01G7TXAQMQMPRVP8FFJPWKPSKA','01FCZG2SXNZYGQXMPPBB8FV3ZV','2022-07-13 17:42:03','2022-07-13 17:42:03'),('01G7VJCE9JPJ4JBJ7DBP1QD71Z','01FCZG2SXNZYGQXMPPBB8FV5ZV','2022-07-13 17:41:46','2022-07-13 17:41:46'),('02FCZG2SXNZYGQXMPPBB8FV3ZV','01FCZG2SXNZYGQXMPPBB8FV3ZV','2022-01-28 10:25:44','2022-01-28 10:25:45'),('02FCZG2SXNZYGQXMPPBB8FV3ZV','01FCZG2SXNZYGQXMPPBB8FV4ZV','2022-01-28 10:25:45','2022-01-28 10:25:46'),('02FCZG2SXNZYGQXMPPBB8FV3ZV','01FCZG2SXNZYGQXMPPBB8FV5ZV','2022-07-07 14:12:05','2022-07-07 14:12:09');
/*!40000 ALTER TABLE `user_role` ENABLE KEYS */;
UNLOCK TABLES;
/*!40103 SET TIME_ZONE=@OLD_TIME_ZONE */;

/*!40101 SET SQL_MODE=@OLD_SQL_MODE */;
/*!40014 SET FOREIGN_KEY_CHECKS=@OLD_FOREIGN_KEY_CHECKS */;
/*!40014 SET UNIQUE_CHECKS=@OLD_UNIQUE_CHECKS */;
/*!40101 SET CHARACTER_SET_CLIENT=@OLD_CHARACTER_SET_CLIENT */;
/*!40101 SET CHARACTER_SET_RESULTS=@OLD_CHARACTER_SET_RESULTS */;
/*!40101 SET COLLATION_CONNECTION=@OLD_COLLATION_CONNECTION */;
/*!40111 SET SQL_NOTES=@OLD_SQL_NOTES */;

-- Dump completed on 2022-08-05  1:00:10
