-- MySQL dump 10.13  Distrib 8.0.30, for Linux (x86_64)
--
-- Host: 127.0.0.1    Database: backend
-- ------------------------------------------------------
-- Server version	5.5.5-10.6.5-MariaDB

/*!40101 SET @OLD_CHARACTER_SET_CLIENT=@@CHARACTER_SET_CLIENT */;
/*!40101 SET @OLD_CHARACTER_SET_RESULTS=@@CHARACTER_SET_RESULTS */;
/*!40101 SET @OLD_COLLATION_CONNECTION=@@COLLATION_CONNECTION */;
/*!50503 SET NAMES utf8mb4 */;
/*!40103 SET @OLD_TIME_ZONE=@@TIME_ZONE */;
/*!40103 SET TIME_ZONE='+00:00' */;
/*!40014 SET @OLD_UNIQUE_CHECKS=@@UNIQUE_CHECKS, UNIQUE_CHECKS=0 */;
/*!40014 SET @OLD_FOREIGN_KEY_CHECKS=@@FOREIGN_KEY_CHECKS, FOREIGN_KEY_CHECKS=0 */;
/*!40101 SET @OLD_SQL_MODE=@@SQL_MODE, SQL_MODE='NO_AUTO_VALUE_ON_ZERO' */;
/*!40111 SET @OLD_SQL_NOTES=@@SQL_NOTES, SQL_NOTES=0 */;

--
-- Table structure for table `application`
--

DROP TABLE IF EXISTS `application`;
/*!40101 SET @saved_cs_client     = @@character_set_client */;
/*!50503 SET character_set_client = utf8mb4 */;
CREATE TABLE `application` (
  `id` varchar(100) NOT NULL,
  `description` text DEFAULT NULL,
  `created_at` datetime DEFAULT NULL,
  `updated_at` datetime DEFAULT NULL,
  PRIMARY KEY (`id`)
) ENGINE=InnoDB DEFAULT CHARSET=utf8mb3;
/*!40101 SET character_set_client = @saved_cs_client */;

--
-- Dumping data for table `application`
--

LOCK TABLES `application` WRITE;
/*!40000 ALTER TABLE `application` DISABLE KEYS */;
INSERT INTO `application` VALUES ('KDC','classify various kidney diseases','2022-04-27 15:56:15',NULL),('PFS','diagnose disease using picture fuzzy relations','2022-04-27 15:56:14',NULL);
/*!40000 ALTER TABLE `application` ENABLE KEYS */;
UNLOCK TABLES;

--
-- Table structure for table `diagnose`
--

DROP TABLE IF EXISTS `diagnose`;
/*!40101 SET @saved_cs_client     = @@character_set_client */;
/*!50503 SET character_set_client = utf8mb4 */;
CREATE TABLE `diagnose` (
  `name` varchar(50) NOT NULL,
  `description` text DEFAULT NULL,
  `created_at` datetime DEFAULT NULL,
  `updated_at` datetime DEFAULT NULL,
  PRIMARY KEY (`name`)
) ENGINE=InnoDB DEFAULT CHARSET=utf8mb3;
/*!40101 SET character_set_client = @saved_cs_client */;

--
-- Dumping data for table `diagnose`
--

LOCK TABLES `diagnose` WRITE;
/*!40000 ALTER TABLE `diagnose` DISABLE KEYS */;
INSERT INTO `diagnose` VALUES ('CHEST_PROBLEM',NULL,'2022-02-26 18:04:40','2022-02-26 18:04:46'),('FEVER',NULL,'2022-02-26 18:04:38','2022-02-26 18:04:44'),('MALARIA',NULL,'2022-02-26 18:04:39','2022-02-26 18:04:44'),('STOMACH',NULL,'2022-02-26 18:04:40','2022-02-26 18:04:45'),('TYPHOID',NULL,'2022-02-26 18:04:39','2022-02-26 18:04:45');
/*!40000 ALTER TABLE `diagnose` ENABLE KEYS */;
UNLOCK TABLES;

--
-- Table structure for table `examination`
--

DROP TABLE IF EXISTS `examination`;
/*!40101 SET @saved_cs_client     = @@character_set_client */;
/*!50503 SET character_set_client = utf8mb4 */;
CREATE TABLE `examination` (
  `id` varchar(50) NOT NULL,
  `application_id` varchar(50) NOT NULL,
  `user_id` varchar(50) DEFAULT NULL,
  `patient_id` varchar(50) DEFAULT NULL,
  `created_at` datetime DEFAULT NULL,
  PRIMARY KEY (`id`)
) ENGINE=InnoDB DEFAULT CHARSET=utf8mb3;
/*!40101 SET character_set_client = @saved_cs_client */;

--
-- Dumping data for table `examination`
--

LOCK TABLES `examination` WRITE;
/*!40000 ALTER TABLE `examination` DISABLE KEYS */;
INSERT INTO `examination` VALUES ('01G1QH3P4FXEK2H8BZ87FKFME5','PFS','02FCZG2SXNZYGQXMPPBB8FV3ZV','0123','2022-04-28 14:28:02'),('01G1QJE2NNCBBAPHCRGR1TJ4F9','PFS','02FCZG2SXNZYGQXMPPBB8FV3ZV','0123','2022-04-28 14:51:11'),('01G1QJGT80MT93V8VNKD6QW6MA','PFS','02FCZG2SXNZYGQXMPPBB8FV3ZV','0123','2022-04-28 14:52:40'),('01G362XRQ4TPE391RAKCVA2JN1','PFS','02FCZG2SXNZYGQXMPPBB8FV3ZV','0123','2022-05-16 09:24:26'),('01G3635515KRT9NNYKWWRF0VKM','KDC','02FCZG2SXNZYGQXMPPBB8FV3ZV','0123','2022-05-16 09:28:28'),('01G5DM4H401A0JC0QY9DP103BN','PFS','02FCZG2SXNZYGQXMPPBB8FV3ZV','0123','2022-06-13 11:11:18'),('01G5DM514CJ28D8QFQZQD9T4MZ','KDC','02FCZG2SXNZYGQXMPPBB8FV3ZV','0123','2022-06-13 11:11:34'),('01G5RMKKDG9DKR62K3X8KVQ7ZN','KDC','02FCZG2SXNZYGQXMPPBB8FV3ZV','0123','2022-06-17 17:51:11'),('01G5RN339AQF5DRCNPYZFYWJR1','KDC','02FCZG2SXNZYGQXMPPBB8FV3ZV','0123','2022-06-17 17:59:39'),('01G5RN3DY3WMFS9FP2RZH5EFGF','KDC','02FCZG2SXNZYGQXMPPBB8FV3ZV','0123','2022-06-17 17:59:49'),('01G5RN3M8SSGNJYE8AXSHV82KS','KDC','02FCZG2SXNZYGQXMPPBB8FV3ZV','0123','2022-06-17 17:59:56'),('01G9M1GE2M9RDH8SEG0KP7SWFP','PFS','02FCZG2SXNZYGQXMPPBB8FV3ZV','0123','2022-08-04 09:03:14'),('01G9M1GHPNQJQYJVCAS7PC8Z7P','KDC','02FCZG2SXNZYGQXMPPBB8FV3ZV','0123','2022-08-04 09:03:17'),('01G9M1GR5EXWFJ2Q5TB2GZM51H','KDC','02FCZG2SXNZYGQXMPPBB8FV3ZV','0123','2022-08-04 09:03:24'),('01G9M32AS4S3BFFB28KF87EKDV','PFS','02FCZG2SXNZYGQXMPPBB8FV3ZV','0123','2022-08-04 09:30:29'),('01G9M32DTJXN795J4FR7HVNKSS','KDC','02FCZG2SXNZYGQXMPPBB8FV3ZV','0123','2022-08-04 09:30:32'),('01G9M4KPW5RSKMVRA5WMM9ZRF6','KDC','02FCZG2SXNZYGQXMPPBB8FV3ZV','0123','2022-08-04 16:57:27'),('01G9M4Q3F19KYJSRP11KE8S975','PFS','02FCZG2SXNZYGQXMPPBB8FV3ZV','0123','2022-08-04 16:59:18'),('01G9M4Q69FHW7J44RN39YCHHVE','KDC','02FCZG2SXNZYGQXMPPBB8FV3ZV','0123','2022-08-04 16:59:21'),('01G9M7ZTH4J58YT9H2DJVSGFYD','PFS','02FCZG2SXNZYGQXMPPBB8FV3ZV','0123','2022-08-04 10:56:29'),('01G9M7ZX9V9NSY75N6V5GWCN0K','KDC','02FCZG2SXNZYGQXMPPBB8FV3ZV','0123','2022-08-04 10:56:32'),('01G9M8GYA5XP6H2XMFS072Y5NW','PFS','02FCZG2SXNZYGQXMPPBB8FV3ZV','0123','2022-08-04 11:05:50'),('01G9M8H0MRJTQS52F6HNDRWN4T','KDC','02FCZG2SXNZYGQXMPPBB8FV3ZV','0123','2022-08-04 11:05:53'),('01G9M8KXB8GCHT605SHDSYBX0Z','KDC','02FCZG2SXNZYGQXMPPBB8FV3ZV','0123','2022-08-04 11:07:28'),('01G9M9AY40098FHRV8ASP3R5G8','KDC','02FCZG2SXNZYGQXMPPBB8FV3ZV','01G7NNGZCYGBAMW061','2022-08-04 11:20:02'),('01G9M9B3C1RTFADFJ5MFY8PCVX','KDC','02FCZG2SXNZYGQXMPPBB8FV3ZV','01G7NNGZCYGBAMW061','2022-08-04 11:20:07'),('01G9MBEQVYQZ0ZCWKE2WX00WQM','KDC','02FCZG2SXNZYGQXMPPBB8FV3ZV','01G7NNGZCYGBAMW061','2022-08-04 11:57:04');
/*!40000 ALTER TABLE `examination` ENABLE KEYS */;
UNLOCK TABLES;

--
-- Table structure for table `hedge_algebra_config`
--

DROP TABLE IF EXISTS `hedge_algebra_config`;
/*!40101 SET @saved_cs_client     = @@character_set_client */;
/*!50503 SET character_set_client = utf8mb4 */;
CREATE TABLE `hedge_algebra_config` (
  `application_id` varchar(50) NOT NULL,
  `name` varchar(50) NOT NULL,
  `fm` double DEFAULT NULL,
  `type` varchar(50) DEFAULT NULL,
  `linguistic_order` int(11) DEFAULT NULL,
  `created_at` datetime DEFAULT NULL,
  `updated_at` datetime DEFAULT NULL,
  PRIMARY KEY (`application_id`,`name`)
) ENGINE=InnoDB DEFAULT CHARSET=utf8mb3;
/*!40101 SET character_set_client = @saved_cs_client */;

--
-- Dumping data for table `hedge_algebra_config`
--

LOCK TABLES `hedge_algebra_config` WRITE;
/*!40000 ALTER TABLE `hedge_algebra_config` DISABLE KEYS */;
INSERT INTO `hedge_algebra_config` VALUES ('KDC','HIGH',0.5,'GENERATOR',1,'2022-04-28 16:28:08','2022-07-18 15:09:14'),('KDC','LITTLE',0.2,'HEDGE',-2,'2022-04-28 16:33:55','2022-07-18 15:04:44'),('KDC','LOW',0.5,'GENERATOR',-1,'2022-04-28 16:27:44','2022-07-18 15:09:14'),('KDC','MEDIUM',0.5,'GENERATOR',0,'2022-04-28 16:28:23','2022-07-18 15:09:14'),('KDC','MORE',0.25,'HEDGE',1,'2022-04-28 16:28:35','2022-07-18 15:04:44'),('KDC','POSSIBLE',0.2,'HEDGE',-1,'2022-04-28 16:33:56','2022-07-18 15:04:44'),('KDC','VERY',0.35,'HEDGE',2,'2022-04-28 16:33:54','2022-07-18 15:04:44'),('PFS','COMPLETELY',1,'GENERATOR',99,'2022-04-18 22:30:27',NULL),('PFS','HIGH',0.5,'GENERATOR',1,'2022-04-18 22:30:25','2022-07-19 10:37:58'),('PFS','LOW',0.5,'GENERATOR',-1,'2022-04-18 22:30:23','2022-07-19 10:37:58'),('PFS','MEDIUM',0.5,'GENERATOR',0,'2022-04-18 22:30:24','2022-07-19 10:37:58'),('PFS','NONE',0,'GENERATOR',-99,'2022-04-18 22:30:20',NULL),('PFS','SLIGHTLY',0.6,'HEDGE',-1,'2022-04-18 22:30:23','2022-07-18 15:45:20'),('PFS','VERY',0.4,'HEDGE',1,'2022-04-18 22:30:22','2022-07-18 15:45:20');
/*!40000 ALTER TABLE `hedge_algebra_config` ENABLE KEYS */;
UNLOCK TABLES;

--
-- Table structure for table `kdc_domain`
--

DROP TABLE IF EXISTS `kdc_domain`;
/*!40101 SET @saved_cs_client     = @@character_set_client */;
/*!50503 SET character_set_client = utf8mb4 */;
CREATE TABLE `kdc_domain` (
  `name` varchar(50) NOT NULL,
  `max` double DEFAULT NULL,
  `min` double DEFAULT NULL,
  `description` text DEFAULT NULL,
  PRIMARY KEY (`name`)
) ENGINE=InnoDB DEFAULT CHARSET=utf8mb3;
/*!40101 SET character_set_client = @saved_cs_client */;

--
-- Dumping data for table `kdc_domain`
--

LOCK TABLES `kdc_domain` WRITE;
/*!40000 ALTER TABLE `kdc_domain` DISABLE KEYS */;
INSERT INTO `kdc_domain` VALUES ('ALBUMIN',141.7,-1,'ALBUMIN'),('CREATININ',2981,4.26,'CREATININ'),('HCT',126,11.3,'HCT'),('HGB',186,3.87,'HGB'),('K',172.1,5.3,'K'),('LY',98,0.5,'LY'),('NA',172.1,5.3,'NA'),('NE',98,0.01,'NE'),('PLT',1546,13,'PLT'),('RBC',42,1.33,'RBC'),('TOTAL_PROTEIN',121,29,'TOTAL_PROTEIN'),('URE',107,0.5,'URE'),('WBC',71.48,1.11,'WBC');
/*!40000 ALTER TABLE `kdc_domain` ENABLE KEYS */;
UNLOCK TABLES;

--
-- Table structure for table `kdc_examination_result`
--

DROP TABLE IF EXISTS `kdc_examination_result`;
/*!40101 SET @saved_cs_client     = @@character_set_client */;
/*!50503 SET character_set_client = utf8mb4 */;
CREATE TABLE `kdc_examination_result` (
  `examination_id` varchar(50) NOT NULL,
  `WBC_value` double DEFAULT NULL,
  `LY_value` double DEFAULT NULL,
  `NE_value` double DEFAULT NULL,
  `RBC_value` double DEFAULT NULL,
  `HGB_value` double DEFAULT NULL,
  `HCT_value` double DEFAULT NULL,
  `PLT_value` double DEFAULT NULL,
  `NA_value` double DEFAULT NULL,
  `K_value` double DEFAULT NULL,
  `Total_Protein_value` double DEFAULT NULL,
  `Albumin_value` double DEFAULT NULL,
  `Ure_value` double DEFAULT NULL,
  `Creatinin_value` double DEFAULT NULL,
  `result` varchar(50) DEFAULT NULL,
  PRIMARY KEY (`examination_id`)
) ENGINE=InnoDB DEFAULT CHARSET=utf8mb3;
/*!40101 SET character_set_client = @saved_cs_client */;

--
-- Dumping data for table `kdc_examination_result`
--

LOCK TABLES `kdc_examination_result` WRITE;
/*!40000 ALTER TABLE `kdc_examination_result` DISABLE KEYS */;
INSERT INTO `kdc_examination_result` VALUES ('01G3635515KRT9NNYKWWRF0VKM',50,40,36,78,100,40,40,150,60,112,47,68,300,'N00'),('01G5DM514CJ28D8QFQZQD9T4MZ',50,40,36,78,100,40,40,150,60,112,47,68,300,'N00'),('01G5RMKKDG9DKR62K3X8KVQ7ZN',50,40,36,78,100,40,40,150,60,112,47,68,300,'N00'),('01G5RN339AQF5DRCNPYZFYWJR1',50,40,36,78,100,40,40,150,60,94.4390243902439,47,68,300,'N00'),('01G5RN3DY3WMFS9FP2RZH5EFGF',50,40,36,78,100,40,40,150,60,121,47,68,300,'N00'),('01G5RN3M8SSGNJYE8AXSHV82KS',50,40,36,78,100,40,40,150,60,121,47,68,2981.0000000000005,'N18'),('01G9M1GHPNQJQYJVCAS7PC8Z7P',50,40,36,78,100,40,40,150,60,121,47,68,2726.52,'N17'),('01G9M1GR5EXWFJ2Q5TB2GZM51H',50,40,36,78,100,40,40,150,60,121,47,68,2726.52,'N17'),('01G9M32DTJXN795J4FR7HVNKSS',50,40,36,78,100,40,40,150,60,121,47,68,2726.52,'N18'),('01G9M4KPW5RSKMVRA5WMM9ZRF6',50,40,36,78,100,40,40,150,60,121,47,68,2726.52,'N18'),('01G9M4Q69FHW7J44RN39YCHHVE',50,40,36,78,100,40,40,150,60,121,47,68,2726.52,'N18'),('01G9M7ZX9V9NSY75N6V5GWCN0K',50,40,36,78,100,40,40,150,60,121,47,68,2726.52,'N18'),('01G9M8H0MRJTQS52F6HNDRWN4T',50,40,36,78,100,40,40,150,60,121,47,68,2726.52,'N18'),('01G9M8KXB8GCHT605SHDSYBX0Z',50,40,36,78,100,40,40,37.78,60,121,47,68,2726.52,'N18'),('01G9M9AY40098FHRV8ASP3R5G8',50,40,36,78,100,40,40,150,60,121,47,68,2726.52,'N18'),('01G9M9B3C1RTFADFJ5MFY8PCVX',50,40,36,78,100,40,40,150,60,121,47,68,2726.52,'N18'),('01G9MBEQVYQZ0ZCWKE2WX00WQM',50,40,36,78,100,40,40,150,60,121,47,68,2726.52,'N18');
/*!40000 ALTER TABLE `kdc_examination_result` ENABLE KEYS */;
UNLOCK TABLES;

--
-- Table structure for table `linguistic_domain`
--

DROP TABLE IF EXISTS `linguistic_domain`;
/*!40101 SET @saved_cs_client     = @@character_set_client */;
/*!50503 SET character_set_client = utf8mb4 */;
CREATE TABLE `linguistic_domain` (
  `application_id` varchar(50) NOT NULL,
  `name` varchar(50) NOT NULL,
  `fm` double DEFAULT NULL,
  `v` double DEFAULT NULL,
  `linguistic_order` int(11) DEFAULT NULL,
  `created_at` datetime DEFAULT NULL,
  `updated_at` datetime DEFAULT NULL,
  PRIMARY KEY (`application_id`,`name`)
) ENGINE=InnoDB DEFAULT CHARSET=utf8mb3;
/*!40101 SET character_set_client = @saved_cs_client */;

--
-- Dumping data for table `linguistic_domain`
--

LOCK TABLES `linguistic_domain` WRITE;
/*!40000 ALTER TABLE `linguistic_domain` DISABLE KEYS */;
INSERT INTO `linguistic_domain` VALUES ('KDC','HIGH',0.5,0.7,3,'2022-04-29 15:07:16','2022-07-18 15:09:14'),('KDC','LITTLE_HIGH',0.1,0.58,1,'2022-04-28 16:37:39','2022-07-18 15:09:14'),('KDC','LITTLE_LOW',0.1,0.42,-1,'2022-04-28 16:37:37','2022-07-18 15:09:14'),('KDC','LOW',0.5,0.3,-3,'2022-04-29 15:07:15','2022-07-18 15:09:14'),('KDC','MEDIUM',0.5,0.5,0,'2022-04-28 16:37:38','2022-07-18 15:09:14'),('KDC','MORE_HIGH',0.125,0.75,4,'2022-04-28 16:37:40','2022-07-18 15:09:14'),('KDC','MORE_LOW',0.125,0.25,-4,'2022-04-28 16:37:36','2022-07-18 15:09:14'),('KDC','POSSIBLE_HIGH',0.1,0.64,2,'2022-04-28 16:37:39','2022-07-18 15:09:14'),('KDC','POSSIBLE_LOW',0.1,0.36,-2,'2022-04-28 16:37:37','2022-07-18 15:09:14'),('KDC','VERY_HIGH',0.175,0.82,5,'2022-04-28 16:37:41','2022-07-18 15:09:14'),('KDC','VERY_LOW',0.175,0.18,-5,'2022-04-28 16:37:35','2022-07-18 15:09:14'),('PFS','COMPLETELY',1,1,99,'2022-04-18 22:54:51',NULL),('PFS','HIGH',0.5,0.8,3,'2022-04-18 22:54:49','2022-07-19 10:37:58'),('PFS','LOW',0.5,0.2,-1,'2022-04-18 22:54:47','2022-07-19 10:37:58'),('PFS','MEDIUM',0.5,0.5,0,'2022-04-18 22:54:48','2022-07-19 10:37:58'),('PFS','NONE',0,0,-99,'2022-04-18 22:54:44',NULL),('PFS','SLIGHTLY_HIGH',0.3,0.68,1,'2022-04-18 22:54:49','2022-07-19 10:37:58'),('PFS','SLIGHTLY_LOW',0.3,0.32,-2,'2022-04-18 22:54:46','2022-07-19 10:37:58'),('PFS','VERY_HIGH',0.2,0.92,2,'2022-04-18 22:54:50','2022-07-19 10:37:58'),('PFS','VERY_LOW',0.2,0.08,-3,'2022-04-18 22:54:48','2022-07-19 10:37:58');
/*!40000 ALTER TABLE `linguistic_domain` ENABLE KEYS */;
UNLOCK TABLES;

--
-- Table structure for table `patient`
--

DROP TABLE IF EXISTS `patient`;
/*!40101 SET @saved_cs_client     = @@character_set_client */;
/*!50503 SET character_set_client = utf8mb4 */;
CREATE TABLE `patient` (
  `id` varchar(50) NOT NULL,
  `name` varchar(100) NOT NULL,
  `birth_date` date DEFAULT NULL,
  `gender` varchar(50) DEFAULT NULL,
  `avatar` varchar(100) DEFAULT NULL,
  `created_at` datetime DEFAULT NULL,
  `updated_at` datetime DEFAULT NULL,
  `email` varchar(100) DEFAULT NULL,
  `phoneNo` varchar(20) DEFAULT NULL,
  `address` varchar(250) DEFAULT NULL,
  PRIMARY KEY (`id`)
) ENGINE=InnoDB DEFAULT CHARSET=utf8mb3;
/*!40101 SET character_set_client = @saved_cs_client */;

--
-- Dumping data for table `patient`
--

LOCK TABLES `patient` WRITE;
/*!40000 ALTER TABLE `patient` DISABLE KEYS */;
INSERT INTO `patient` VALUES ('0123','Pham Van Khoa','1988-05-12','MALE','http://127.0.0.1:8080/media/patient/01G9M7ZQYZ01GV8WD135RJBYGC.png','2022-04-27 17:32:29','2022-08-04 10:56:27','khoa@gmail.com','0123768512','123123'),('01G7NNGZCYGBAMW061','Trần Lê Hoàng','1999-01-05','FEMALE','http://127.0.0.1:8080/media/patient/01G9M9AT6NV1DF24WKRFYFMHSV.png','2022-08-04 11:05:33','2022-08-04 11:19:58','lehoangtran289@gmail.com','0327213112','zxczxc'),('01G9M3TWC6BZ2V30H0WWHMTD9M','Trần Lê Hoàng','1970-01-01','MALE',NULL,'2022-08-04 09:43:53','2022-08-04 09:43:53','lehoangtran289@gmail.com','0327213112','Số 47, ngõ 140, Khuất Duy Tiến, Thanh Xuân, Hà Nội'),('01G9M3WD087168K2XVPTSS8CF4','Trần Lê Hoàngz','1970-01-01','MALE',NULL,'2022-08-04 09:44:43','2022-08-04 09:44:43','lehoangtran289@gmail.com','0327213112','Số 47, ngõ 140, Khuất Duy Tiến, Thanh Xuân, Hà Nội'),('62c7d2f6fc13ae456b00125c','Darla Becket','1978-07-23','FEMALE',NULL,'2022-01-23 00:00:00',NULL,'dbecket0@harvard.edu','390-522-7800','667 Continental Place'),('62c7d2f6fc13ae456b00125d','Dara Skudder','2008-07-01','FEMALE',NULL,'2022-04-10 00:00:00',NULL,'dskudder1@sina.com.cn','212-417-6540','0960 Fordem Avenue'),('62c7d2f6fc13ae456b00125e','Juline Marde','1985-08-18','FEMALE',NULL,'2022-04-14 00:00:00',NULL,'jmarde2@smh.com.au','576-255-8178','5605 Troy Parkway'),('62c7d2f6fc13ae456b00125f','Ange Ivie','1965-11-08','MALE',NULL,'2021-11-15 00:00:00',NULL,'aivie3@washingtonpost.com','203-149-5679','3 Melby Crossing'),('62c7d2f6fc13ae456b001260','Beniamino Torrie','1963-06-08','MALE',NULL,'2022-05-20 00:00:00',NULL,'btorrie4@edublogs.org','907-969-1402','7296 Sachs Way'),('62c7d2f6fc13ae456b001261','Hobard Synan','1980-12-22','MALE',NULL,'2022-06-19 00:00:00',NULL,'hsynan5@blogger.com','858-513-8434','0 Anderson Terrace'),('62c7d2f6fc13ae456b001262','Waneta Codman','2005-09-01','FEMALE',NULL,'2022-01-13 00:00:00',NULL,'wcodman6@printfriendly.com','714-566-6874','73 Ryan Street'),('62c7d2f6fc13ae456b001263','Wilmar Duignan','1979-10-02','MALE',NULL,'2022-06-30 00:00:00',NULL,'wduignan7@sakura.ne.jp','748-723-8454','6 Mallard Alley'),('62c7d2f6fc13ae456b001264','Nathanil Graine','1959-10-28','MALE',NULL,'2021-11-29 00:00:00',NULL,'ngraine8@msu.edu','185-233-9188','722 Almo Pass'),('62c7d2f6fc13ae456b001265','Samson Kitchener','1972-12-23','MALE',NULL,'2021-09-05 00:00:00',NULL,'skitchener9@cbc.ca','581-721-0937','30 Eastwood Terrace'),('62c7d2f6fc13ae456b001266','Isidor Shimmans','2001-01-25','MALE',NULL,'2022-01-14 00:00:00',NULL,'ishimmansa@booking.com','758-357-2869','741 Forest Place'),('62c7d2f6fc13ae456b001267','Ross Galloway','1976-12-14','MALE',NULL,'2021-10-04 00:00:00',NULL,'rgallowayb@dedecms.com','786-291-7827','2014 Ramsey Road'),('62c7d2f6fc13ae456b001268','Yolande Abbie','1995-12-19','FEMALE',NULL,'2021-08-25 00:00:00',NULL,'yabbiec@google.de','239-558-2012','0781 Canary Alley'),('62c7d2f6fc13ae456b001269','Lorrayne Sharrem','1952-12-15','FEMALE',NULL,'2022-03-31 00:00:00',NULL,'lsharremd@umn.edu','826-626-4075','6432 Blue Bill Park Court'),('62c7d2f6fc13ae456b00126a','Kial Merrill','1972-03-09','FEMALE',NULL,'2021-08-10 00:00:00',NULL,'kmerrille@youku.com','759-655-4747','3223 Karstens Trail'),('62c7d2f6fc13ae456b00126b','Rebekah Bradneck','1970-04-15','FEMALE',NULL,'2022-01-21 00:00:00',NULL,'rbradneckf@blogger.com','544-286-9356','3 Kropf Parkway'),('62c7d2f6fc13ae456b00126c','Mortie McCandie','1971-03-06','MALE',NULL,'2022-03-09 00:00:00',NULL,'mmccandieg@nhs.uk','705-194-1390','64 Stoughton Pass'),('62c7d2f6fc13ae456b00126d','Bowie Bart','1993-03-06','MALE',NULL,'2021-07-27 00:00:00',NULL,'bbarth@illinois.edu','125-406-4543','89 Goodland Crossing'),('62c7d2f6fc13ae456b00126e','Christian Knutton','1994-09-29','MALE',NULL,'2021-11-29 00:00:00',NULL,'cknuttoni@yellowbook.com','334-221-2002','47012 Center Alley'),('62c7d2f6fc13ae456b00126f','Willyt Andrzejowski','1957-02-05','FEMALE',NULL,'2022-06-25 00:00:00',NULL,'wandrzejowskij@smh.com.au','749-236-2478','43189 Ridge Oak Street'),('62c7d2f6fc13ae456b001270','Bronnie Delph','1983-07-12','MALE',NULL,'2021-12-27 00:00:00',NULL,'bdelphk@time.com','794-440-5647','2134 Derek Terrace'),('62c7d2f6fc13ae456b001271','Penn Beckford','1983-05-04','MALE',NULL,'2022-04-08 00:00:00',NULL,'pbeckfordl@answers.com','295-422-8526','04 Brentwood Parkway'),('62c7d2f6fc13ae456b001272','Gan Edy','1980-05-13','MALE',NULL,'2021-12-31 00:00:00',NULL,'gedym@seattletimes.com','417-212-2155','976 Fieldstone Junction'),('62c7d2f6fc13ae456b001273','Wilhelmine Jencey','1979-08-09','FEMALE',NULL,'2021-11-24 00:00:00',NULL,'wjenceyn@linkedin.com','595-696-0688','0785 Armistice Terrace'),('62c7d2f6fc13ae456b001274','Maren Stark','1971-11-11','FEMALE',NULL,'2022-03-10 00:00:00',NULL,'mstarko@bizjournals.com','332-482-9234','525 Vera Road'),('62c7d2f6fc13ae456b001275','Zuzana Desport','2008-01-31','FEMALE',NULL,'2021-12-29 00:00:00',NULL,'zdesportp@paypal.com','548-659-9916','92 Ruskin Center'),('62c7d2f6fc13ae456b001276','Maire Girardet','1975-05-25','FEMALE',NULL,'2022-01-22 00:00:00',NULL,'mgirardetq@ezinearticles.com','802-213-6956','62 Briar Crest Drive'),('62c7d2f6fc13ae456b001277','Kaye Crawford','1964-03-16','FEMALE',NULL,'2021-11-08 00:00:00',NULL,'kcrawfordr@un.org','369-861-9910','991 Grayhawk Point'),('62c7d2f6fc13ae456b001278','Katrinka Dyos','1951-11-08','FEMALE',NULL,'2022-06-17 00:00:00',NULL,'kdyoss@flickr.com','341-180-8074','12095 Clove Terrace'),('62c7d2f6fc13ae456b001279','Nanci Allott','2005-05-29','FEMALE',NULL,'2021-11-13 00:00:00',NULL,'nallottt@usa.gov','840-231-5558','042 Bunker Hill Way'),('62c7d2f6fc13ae456b00127a','Sharity Dixcee','1983-08-18','FEMALE',NULL,'2022-04-30 00:00:00',NULL,'sdixceeu@google.com.au','356-552-3768','6 Fremont Road'),('62c7d2f6fc13ae456b00127b','Kamillah Ellen','1969-10-12','FEMALE',NULL,'2021-07-09 00:00:00',NULL,'kellenv@ca.gov','683-314-8887','94760 Hoepker Trail'),('62c7d2f6fc13ae456b00127c','Aimil Cahalin','1979-10-25','FEMALE',NULL,'2022-06-21 00:00:00',NULL,'acahalinw@instagram.com','524-427-9201','529 Crowley Avenue'),('62c7d2f6fc13ae456b00127d','Dasya Savory','1951-04-27','FEMALE',NULL,'2021-09-14 00:00:00',NULL,'dsavoryx@e-recht24.de','307-872-6988','506 Fair Oaks Circle'),('62c7d2f6fc13ae456b00127e','Ambros Bootyman','1969-03-10','MALE',NULL,'2021-10-15 00:00:00',NULL,'abootymany@sbwire.com','368-875-9214','912 Corben Crossing'),('62c7d2f6fc13ae456b00127f','Patience Lote','1958-03-13','FEMALE',NULL,'2021-09-21 00:00:00',NULL,'plotez@de.vu','395-502-0252','57189 Bay Alley'),('62c7d2f6fc13ae456b001280','Esme Fenning','1978-05-12','FEMALE',NULL,'2022-05-04 00:00:00',NULL,'efenning10@salon.com','426-108-4743','59999 Messerschmidt Drive'),('62c7d2f6fc13ae456b001281','Alfy Hansie','1954-11-02','MALE',NULL,'2022-06-15 00:00:00',NULL,'ahansie11@xinhuanet.com','646-418-5739','5412 Annamark Point'),('62c7d2f6fc13ae456b001282','Thorpe Plues','1955-10-06','MALE',NULL,'2022-05-07 00:00:00',NULL,'tplues12@cargocollective.com','402-236-0717','6705 David Avenue'),('62c7d2f6fc13ae456b001283','Andonis Biagioni','1988-01-12','MALE',NULL,'2021-11-07 00:00:00',NULL,'abiagioni13@myspace.com','721-948-0836','88 Holmberg Trail'),('62c7d2f6fc13ae456b001284','Sheridan Woodson','1961-01-02','MALE',NULL,'2022-01-25 00:00:00',NULL,'swoodson14@baidu.com','714-183-4340','39 Hallows Drive'),('62c7d2f6fc13ae456b001285','Hurley Froment','2007-12-21','MALE',NULL,'2021-11-10 00:00:00',NULL,'hfroment15@utexas.edu','844-483-4014','23324 Ludington Terrace'),('62c7d2f6fc13ae456b001286','Rodrique Goly','2003-07-30','MALE',NULL,'2021-08-13 00:00:00',NULL,'rgoly16@zimbio.com','746-249-1163','674 Stuart Place'),('62c7d2f6fc13ae456b001287','Hollis Warriner','1962-04-23','MALE',NULL,'2022-02-14 00:00:00',NULL,'hwarriner17@ocn.ne.jp','926-171-1497','20 Muir Plaza'),('62c7d2f6fc13ae456b001288','Lotte Cutting','1958-01-22','FEMALE',NULL,'2022-05-28 00:00:00',NULL,'lcutting18@usa.gov','798-735-5293','2397 Magdeline Avenue'),('62c7d2f6fc13ae456b001289','Nikki Sherebrooke','1964-04-06','FEMALE',NULL,'2022-03-26 00:00:00',NULL,'nsherebrooke19@about.com','856-734-5267','2386 Center Trail'),('62c7d2f6fc13ae456b00128a','Tim Schubart','1964-05-05','FEMALE',NULL,'2022-01-30 00:00:00',NULL,'tschubart1a@craigslist.org','558-475-2442','1625 American Ash Junction'),('62c7d2f6fc13ae456b00128b','Andras Baudinot','1989-09-15','MALE',NULL,'2022-02-20 00:00:00',NULL,'abaudinot1b@google.com.br','164-772-8367','8034 Transport Place'),('62c7d2f6fc13ae456b00128c','Elle Canham','1997-08-31','FEMALE',NULL,'2022-05-15 00:00:00',NULL,'ecanham1c@dailymotion.com','957-433-2182','8423 Novick Parkway'),('62c7d2f6fc13ae456b00128d','Bran Face','1969-06-06','MALE',NULL,'2022-04-08 00:00:00',NULL,'bface1d@php.net','803-187-9079','0 Hallows Court'),('62c7d2f6fc13ae456b00128e','Burty Sulley','1982-09-24','MALE',NULL,'2021-10-22 00:00:00',NULL,'bsulley1e@digg.com','450-838-1925','6 Doe Crossing Hill'),('62c7d2f6fc13ae456b00128f','Raynell Jermyn','1964-11-10','FEMALE',NULL,'2021-10-12 00:00:00',NULL,'rjermyn1f@bbc.co.uk','963-644-5117','30458 Miller Pass'),('62c7d2f6fc13ae456b001290','Lurlene Ziemecki','1979-01-08','FEMALE',NULL,'2022-02-25 00:00:00',NULL,'lziemecki1g@ft.com','594-889-4521','2 Warrior Circle'),('62c7d2f6fc13ae456b001291','Virgil Daysh','1956-06-02','MALE',NULL,'2022-03-25 00:00:00',NULL,'vdaysh1h@sogou.com','584-522-7297','23 Nelson Parkway'),('62c7d2f6fc13ae456b001292','Derril Martini','1991-07-26','MALE',NULL,'2022-01-28 00:00:00',NULL,'dmartini1i@de.vu','388-765-1744','7392 Hudson Plaza'),('62c7d2f6fc13ae456b001293','Shaine Fatscher','1985-01-16','FEMALE',NULL,'2022-06-24 00:00:00',NULL,'sfatscher1j@utexas.edu','943-767-2516','7503 Leroy Road'),('62c7d2f6fc13ae456b001294','Madalyn Wavish','1957-10-06','FEMALE',NULL,'2021-12-09 00:00:00',NULL,'mwavish1k@house.gov','142-863-2190','4601 Spohn Court'),('62c7d2f6fc13ae456b001295','Bird Lubbock','1983-12-23','FEMALE',NULL,'2021-07-14 00:00:00',NULL,'blubbock1l@delicious.com','990-386-3717','9 Shoshone Alley'),('62c7d2f6fc13ae456b001296','Kore Covotti','1997-08-02','FEMALE',NULL,'2022-02-06 00:00:00',NULL,'kcovotti1m@joomla.org','955-246-2785','508 Coolidge Hill'),('62c7d2f6fc13ae456b001297','Zsa zsa Carter','2006-03-12','FEMALE',NULL,'2022-04-07 00:00:00',NULL,'zzsa1n@ucoz.ru','485-796-0711','1122 Algoma Drive'),('62c7d2f6fc13ae456b001298','Miran Tough','2000-08-17','FEMALE',NULL,'2022-02-17 00:00:00',NULL,'mtough1o@oaic.gov.au','178-760-0243','194 Little Fleur Point'),('62c7d2f6fc13ae456b001299','Augusto Eton','1986-07-15','MALE',NULL,'2022-05-09 00:00:00',NULL,'aeton1p@stanford.edu','800-238-8045','97346 Union Pass'),('62c7d2f6fc13ae456b00129a','Amanda Zeal','2005-06-03','FEMALE',NULL,'2021-12-17 00:00:00',NULL,'azeal1q@woothemes.com','479-722-7740','4 Steensland Junction'),('62c7d2f6fc13ae456b00129b','Franni Robelet','1972-03-02','FEMALE',NULL,'2022-04-29 00:00:00',NULL,'frobelet1r@list-manage.com','730-572-4066','4734 Victoria Park'),('62c7d2f6fc13ae456b00129c','Jon Braker','2008-10-24','MALE',NULL,'2022-04-13 00:00:00',NULL,'jbraker1s@washington.edu','422-951-1224','45141 Rigney Alley'),('62c7d2f6fc13ae456b00129d','Dall Higginbottam','1997-12-10','MALE',NULL,'2021-07-23 00:00:00',NULL,'dhigginbottam1t@goo.gl','361-568-0088','09 Grasskamp Drive'),('62c7d2f6fc13ae456b00129e','Rollin Salt','1985-01-21','MALE',NULL,'2021-07-24 00:00:00',NULL,'rsalt1u@youtube.com','603-870-7239','98 La Follette Circle'),('62c7d2f6fc13ae456b00129f','Moyra Tudgay','1991-03-02','FEMALE',NULL,'2021-09-30 00:00:00',NULL,'mtudgay1v@npr.org','652-919-1156','2880 Cambridge Trail'),('62c7d2f6fc13ae456b0012a0','Tiphany Madgwich','2000-12-04','FEMALE',NULL,'2021-08-11 00:00:00',NULL,'tmadgwich1w@example.com','929-483-4335','5541 Mayer Terrace'),('62c7d2f6fc13ae456b0012a1','Chas Bilam','1966-12-24','MALE',NULL,'2022-06-03 00:00:00',NULL,'cbilam1x@comcast.net','776-506-5608','10975 Loomis Terrace'),('62c7d2f6fc13ae456b0012a2','Leigh Sollas','2001-01-05','MALE',NULL,'2022-05-29 00:00:00',NULL,'lsollas1y@ox.ac.uk','795-747-0958','1 Dovetail Place'),('62c7d2f6fc13ae456b0012a3','Hermie Izkovicz','2008-11-29','MALE',NULL,'2021-12-20 00:00:00',NULL,'hizkovicz1z@amazon.co.jp','997-414-4072','7755 Hovde Pass'),('62c7d2f6fc13ae456b0012a4','Natalina Moye','1964-04-10','FEMALE',NULL,'2022-01-12 00:00:00',NULL,'nmoye20@woothemes.com','607-508-5428','9 Buell Avenue'),('62c7d2f6fc13ae456b0012a5','Deck Duke','1954-06-25','MALE',NULL,'2021-11-28 00:00:00',NULL,'dduke21@homestead.com','403-843-5883','69 Westport Circle'),('62c7d2f6fc13ae456b0012a6','Angelique Andreix','1994-11-17','FEMALE',NULL,'2021-10-27 00:00:00',NULL,'aandreix22@cam.ac.uk','275-746-8443','98865 Troy Road'),('62c7d2f6fc13ae456b0012a7','Tynan Yanez','2010-01-24','MALE',NULL,'2021-12-15 00:00:00',NULL,'tyanez23@slashdot.org','679-697-2787','81 Dayton Circle'),('62c7d2f6fc13ae456b0012a8','Clarisse Coppins','1961-04-11','FEMALE',NULL,'2021-08-05 00:00:00',NULL,'ccoppins24@si.edu','153-562-7158','5728 Sunfield Place'),('62c7d2f6fc13ae456b0012a9','Giorgio Towll','1956-12-31','MALE',NULL,'2021-12-11 00:00:00',NULL,'gtowll25@about.com','403-523-3174','649 Lukken Alley'),('62c7d2f6fc13ae456b0012aa','Gus Beahan','1973-08-02','FEMALE',NULL,'2021-08-16 00:00:00',NULL,'gbeahan26@alibaba.com','753-173-4455','55557 Shoshone Trail'),('62c7d2f6fc13ae456b0012ab','Gilda Trenoweth','1990-08-26','FEMALE',NULL,'2022-06-01 00:00:00',NULL,'gtrenoweth27@nymag.com','658-648-8004','01117 Anthes Road'),('62c7d2f6fc13ae456b0012ac','Beryl Laviss','2001-04-23','FEMALE',NULL,'2022-06-27 00:00:00',NULL,'blaviss28@usa.gov','602-723-1028','05 Susan Road'),('62c7d2f7fc13ae456b0012ad','Dannye Applebee','1994-05-16','FEMALE',NULL,'2021-12-24 00:00:00',NULL,'dapplebee29@reuters.com','254-430-6357','972 Delaware Avenue'),('62c7d2f7fc13ae456b0012ae','Eduardo Whittles','1996-02-25','MALE',NULL,'2022-05-14 00:00:00',NULL,'ewhittles2a@cnbc.com','225-265-3023','8 Bonner Trail'),('62c7d2f7fc13ae456b0012af','Gregory Kelledy','1962-01-04','MALE',NULL,'2021-09-30 00:00:00',NULL,'gkelledy2b@mail.ru','693-761-6000','8 1st Court'),('62c7d2f7fc13ae456b0012b0','Antone Tutchings','1950-11-14','MALE',NULL,'2021-10-20 00:00:00',NULL,'atutchings2c@aol.com','174-256-5947','897 Harbort Junction'),('62c7d2f7fc13ae456b0012b1','Lita Dorin','1968-03-27','FEMALE',NULL,'2021-08-08 00:00:00',NULL,'ldorin2d@uiuc.edu','564-276-0322','74843 Petterle Park'),('62c7d2f7fc13ae456b0012b2','Frank Finnigan','1993-07-06','FEMALE',NULL,'2022-01-11 00:00:00',NULL,'ffinnigan2e@timesonline.co.uk','463-444-0467','4 Everett Road'),('62c7d2f7fc13ae456b0012b3','Edita Ivett','2001-11-20','FEMALE',NULL,'2022-04-03 00:00:00',NULL,'eivett2f@tripadvisor.com','717-990-9980','99 Scofield Hill'),('62c7d2f7fc13ae456b0012b4','Carlye Pavier','1994-06-19','FEMALE',NULL,'2021-08-05 00:00:00',NULL,'cpavier2g@nationalgeographic.com','630-643-1898','76 Birchwood Avenue'),('62c7d2f7fc13ae456b0012b5','Matthew Thicking','2002-06-02','MALE',NULL,'2021-10-01 00:00:00',NULL,'mthicking2h@harvard.edu','434-385-6816','83 Twin Pines Circle'),('62c7d2f7fc13ae456b0012b6','Latisha Petel','1979-04-21','FEMALE',NULL,'2022-05-05 00:00:00',NULL,'lpetel2i@gizmodo.com','151-941-2293','83 Milwaukee Plaza'),('62c7d2f7fc13ae456b0012b7','Artemis Paylie','1976-03-13','MALE',NULL,'2021-08-15 00:00:00',NULL,'apaylie2j@hao123.com','137-335-0749','92 Kinsman Terrace'),('62c7d2f7fc13ae456b0012b8','Francklyn Maliphant','1956-02-03','MALE',NULL,'2022-01-18 00:00:00',NULL,'fmaliphant2k@usda.gov','218-255-5625','5206 Melvin Road'),('62c7d2f7fc13ae456b0012b9','Richy Glencros','1973-09-25','MALE',NULL,'2022-03-26 00:00:00',NULL,'rglencros2l@google.es','524-290-2546','62291 Paget Court'),('62c7d2f7fc13ae456b0012ba','Cissy Norvill','1980-05-04','FEMALE',NULL,'2021-12-20 00:00:00',NULL,'cnorvill2m@networkadvertising.org','322-742-7558','90 Schlimgen Plaza'),('62c7d2f7fc13ae456b0012bb','Libbi Sitlington','1982-12-19','FEMALE',NULL,'2022-04-18 00:00:00',NULL,'lsitlington2n@ning.com','571-140-4991','097 Everett Way'),('62c7d2f7fc13ae456b0012bc','Arturo Elnaugh','2006-11-29','MALE',NULL,'2021-08-22 00:00:00',NULL,'aelnaugh2o@w3.org','415-768-0287','9 Holmberg Avenue'),('62c7d2f7fc13ae456b0012bd','Whitaker Storm','1975-12-01','MALE',NULL,'2022-01-09 00:00:00',NULL,'wstorm2p@hp.com','450-132-8920','7762 5th Drive'),('62c7d2f7fc13ae456b0012be','Estell Haining','1997-10-29','FEMALE',NULL,'2021-10-07 00:00:00',NULL,'ehaining2q@cnn.com','881-156-8953','59666 David Lane'),('62c7d2f7fc13ae456b0012bf','Domingo Brigginshaw','1965-08-08','MALE',NULL,'2021-12-12 00:00:00',NULL,'dbrigginshaw2r@arizona.edu','803-411-6596','8723 Delaware Terrace');
/*!40000 ALTER TABLE `patient` ENABLE KEYS */;
UNLOCK TABLES;

--
-- Table structure for table `patient_symptom`
--

DROP TABLE IF EXISTS `patient_symptom`;
/*!40101 SET @saved_cs_client     = @@character_set_client */;
/*!50503 SET character_set_client = utf8mb4 */;
CREATE TABLE `patient_symptom` (
  `examination_id` varchar(50) NOT NULL,
  `symptom` varchar(50) NOT NULL,
  `positive` double DEFAULT NULL,
  `neutral` double DEFAULT NULL,
  `negative` double DEFAULT NULL,
  `created_at` datetime DEFAULT NULL,
  PRIMARY KEY (`examination_id`,`symptom`)
) ENGINE=InnoDB DEFAULT CHARSET=utf8mb3;
/*!40101 SET character_set_client = @saved_cs_client */;

--
-- Dumping data for table `patient_symptom`
--

LOCK TABLES `patient_symptom` WRITE;
/*!40000 ALTER TABLE `patient_symptom` DISABLE KEYS */;
INSERT INTO `patient_symptom` VALUES ('01G1QH3P4FXEK2H8BZ87FKFME5','CHEST_PAIN',0.2,0.3,0.5,'2022-04-28 14:28:02'),('01G1QH3P4FXEK2H8BZ87FKFME5','COUGH',0.7,0.15,0.1,'2022-04-28 14:28:02'),('01G1QH3P4FXEK2H8BZ87FKFME5','HEADACHE',0.7,0.05,0.2,'2022-04-28 14:28:02'),('01G1QH3P4FXEK2H8BZ87FKFME5','STOMACH_PAIN',0.1,0.2,0.6,'2022-04-28 14:28:02'),('01G1QH3P4FXEK2H8BZ87FKFME5','TEMPERATURE',0.7,0.125,0.1,'2022-04-28 14:28:02'),('01G1QJE2NNCBBAPHCRGR1TJ4F9','CHEST_PAIN',0.2,0.3,0.5,'2022-04-28 14:51:11'),('01G1QJE2NNCBBAPHCRGR1TJ4F9','COUGH',0.2,0.15,0.1,'2022-04-28 14:51:11'),('01G1QJE2NNCBBAPHCRGR1TJ4F9','HEADACHE',0.7,0.05,0.2,'2022-04-28 14:51:11'),('01G1QJE2NNCBBAPHCRGR1TJ4F9','STOMACH_PAIN',0.1,0.2,0.6,'2022-04-28 14:51:11'),('01G1QJE2NNCBBAPHCRGR1TJ4F9','TEMPERATURE',0.7,0.125,0.1,'2022-04-28 14:51:11'),('01G1QJGT80MT93V8VNKD6QW6MA','CHEST_PAIN',0.2,0.3,0.5,'2022-04-28 14:52:40'),('01G1QJGT80MT93V8VNKD6QW6MA','COUGH',0.7,0.15,0.1,'2022-04-28 14:52:40'),('01G1QJGT80MT93V8VNKD6QW6MA','HEADACHE',0.7,0.05,0.2,'2022-04-28 14:52:40'),('01G1QJGT80MT93V8VNKD6QW6MA','STOMACH_PAIN',0.1,0.2,0.6,'2022-04-28 14:52:40'),('01G1QJGT80MT93V8VNKD6QW6MA','TEMPERATURE',0.7,0.125,0.1,'2022-04-28 14:52:40'),('01G362XRQ4TPE391RAKCVA2JN1','CHEST_PAIN',0.2,0.3,0.5,'2022-05-16 09:24:26'),('01G362XRQ4TPE391RAKCVA2JN1','COUGH',0.7,0.15,0.1,'2022-05-16 09:24:26'),('01G362XRQ4TPE391RAKCVA2JN1','HEADACHE',0.7,0.05,0.2,'2022-05-16 09:24:26'),('01G362XRQ4TPE391RAKCVA2JN1','STOMACH_PAIN',0.1,0.2,0.6,'2022-05-16 09:24:26'),('01G362XRQ4TPE391RAKCVA2JN1','TEMPERATURE',0.8,0.03,0.1,'2022-05-16 09:24:26'),('01G5DM4H401A0JC0QY9DP103BN','CHEST_PAIN',0.2,0.3,0.5,'2022-06-13 11:11:18'),('01G5DM4H401A0JC0QY9DP103BN','COUGH',0.7,0.15,0.1,'2022-06-13 11:11:18'),('01G5DM4H401A0JC0QY9DP103BN','HEADACHE',0.7,0.05,0.2,'2022-06-13 11:11:18'),('01G5DM4H401A0JC0QY9DP103BN','STOMACH_PAIN',0.1,0.2,0.6,'2022-06-13 11:11:18'),('01G5DM4H401A0JC0QY9DP103BN','TEMPERATURE',0.8,0.03,0.1,'2022-06-13 11:11:18'),('01G9M1GE2M9RDH8SEG0KP7SWFP','CHEST_PAIN',0.375,0.375,0.25,'2022-08-04 09:03:14'),('01G9M1GE2M9RDH8SEG0KP7SWFP','COUGH',0.125,0.625,0.125,'2022-08-04 09:03:14'),('01G9M1GE2M9RDH8SEG0KP7SWFP','HEADACHE',0,0.75,0.25,'2022-08-04 09:03:14'),('01G9M1GE2M9RDH8SEG0KP7SWFP','STOMACH_PAIN',0.625,0.125,0.25,'2022-08-04 09:03:14'),('01G9M1GE2M9RDH8SEG0KP7SWFP','TEMPERATURE',0.5,0.25,0.25,'2022-08-04 09:03:14'),('01G9M32AS4S3BFFB28KF87EKDV','CHEST_PAIN',0.375,0.375,0.25,'2022-08-04 09:30:29'),('01G9M32AS4S3BFFB28KF87EKDV','COUGH',0.125,0.625,0.125,'2022-08-04 09:30:29'),('01G9M32AS4S3BFFB28KF87EKDV','HEADACHE',0,0.75,0.25,'2022-08-04 09:30:29'),('01G9M32AS4S3BFFB28KF87EKDV','STOMACH_PAIN',0.625,0.125,0.25,'2022-08-04 09:30:29'),('01G9M32AS4S3BFFB28KF87EKDV','TEMPERATURE',0.5,0.25,0.25,'2022-08-04 09:30:29'),('01G9M4Q3F19KYJSRP11KE8S975','CHEST_PAIN',0.375,0.375,0.25,'2022-08-04 16:59:18'),('01G9M4Q3F19KYJSRP11KE8S975','COUGH',0.125,0.625,0.125,'2022-08-04 16:59:18'),('01G9M4Q3F19KYJSRP11KE8S975','HEADACHE',0,0.75,0.25,'2022-08-04 16:59:18'),('01G9M4Q3F19KYJSRP11KE8S975','STOMACH_PAIN',0.625,0.125,0.25,'2022-08-04 16:59:18'),('01G9M4Q3F19KYJSRP11KE8S975','TEMPERATURE',0.5,0.25,0.25,'2022-08-04 16:59:18'),('01G9M7ZTH4J58YT9H2DJVSGFYD','CHEST_PAIN',0.375,0.375,0.25,'2022-08-04 10:56:29'),('01G9M7ZTH4J58YT9H2DJVSGFYD','COUGH',0.125,0.625,0.125,'2022-08-04 10:56:29'),('01G9M7ZTH4J58YT9H2DJVSGFYD','HEADACHE',0,0.75,0.25,'2022-08-04 10:56:29'),('01G9M7ZTH4J58YT9H2DJVSGFYD','STOMACH_PAIN',0.625,0.125,0.25,'2022-08-04 10:56:29'),('01G9M7ZTH4J58YT9H2DJVSGFYD','TEMPERATURE',0.5,0.25,0.25,'2022-08-04 10:56:29'),('01G9M8GYA5XP6H2XMFS072Y5NW','CHEST_PAIN',0.375,0.375,0.25,'2022-08-04 11:05:50'),('01G9M8GYA5XP6H2XMFS072Y5NW','COUGH',0.125,0.625,0.125,'2022-08-04 11:05:50'),('01G9M8GYA5XP6H2XMFS072Y5NW','HEADACHE',0,0.75,0.25,'2022-08-04 11:05:50'),('01G9M8GYA5XP6H2XMFS072Y5NW','STOMACH_PAIN',0.625,0.125,0.25,'2022-08-04 11:05:50'),('01G9M8GYA5XP6H2XMFS072Y5NW','TEMPERATURE',0.5,0.25,0.25,'2022-08-04 11:05:50');
/*!40000 ALTER TABLE `patient_symptom` ENABLE KEYS */;
UNLOCK TABLES;

--
-- Table structure for table `pfs_examination_result`
--

DROP TABLE IF EXISTS `pfs_examination_result`;
/*!40101 SET @saved_cs_client     = @@character_set_client */;
/*!50503 SET character_set_client = utf8mb4 */;
CREATE TABLE `pfs_examination_result` (
  `examination_id` varchar(50) NOT NULL,
  `diagnose` varchar(50) NOT NULL,
  `probability` double DEFAULT NULL,
  PRIMARY KEY (`examination_id`,`diagnose`)
) ENGINE=InnoDB DEFAULT CHARSET=utf8mb3;
/*!40101 SET character_set_client = @saved_cs_client */;

--
-- Dumping data for table `pfs_examination_result`
--

LOCK TABLES `pfs_examination_result` WRITE;
/*!40000 ALTER TABLE `pfs_examination_result` DISABLE KEYS */;
INSERT INTO `pfs_examination_result` VALUES ('01G1QH3P4FXEK2H8BZ87FKFME5','CHEST_PROBLEM',0.06),('01G1QH3P4FXEK2H8BZ87FKFME5','FEVER',0.41),('01G1QH3P4FXEK2H8BZ87FKFME5','MALARIA',0.683),('01G1QH3P4FXEK2H8BZ87FKFME5','STOMACH',0.21),('01G1QH3P4FXEK2H8BZ87FKFME5','TYPHOID',0.682),('01G1QJE2NNCBBAPHCRGR1TJ4F9','CHEST_PROBLEM',0.06),('01G1QJE2NNCBBAPHCRGR1TJ4F9','FEVER',0.355),('01G1QJE2NNCBBAPHCRGR1TJ4F9','MALARIA',0.683),('01G1QJE2NNCBBAPHCRGR1TJ4F9','STOMACH',0.21),('01G1QJE2NNCBBAPHCRGR1TJ4F9','TYPHOID',0.682),('01G1QJGT80MT93V8VNKD6QW6MA','CHEST_PROBLEM',0.06),('01G1QJGT80MT93V8VNKD6QW6MA','FEVER',0.41),('01G1QJGT80MT93V8VNKD6QW6MA','MALARIA',0.683),('01G1QJGT80MT93V8VNKD6QW6MA','STOMACH',0.21),('01G1QJGT80MT93V8VNKD6QW6MA','TYPHOID',0.682),('01G362XRQ4TPE391RAKCVA2JN1','CHEST_PROBLEM',0.06),('01G362XRQ4TPE391RAKCVA2JN1','FEVER',0.408),('01G362XRQ4TPE391RAKCVA2JN1','MALARIA',0.793),('01G362XRQ4TPE391RAKCVA2JN1','STOMACH',0.206),('01G362XRQ4TPE391RAKCVA2JN1','TYPHOID',0.682),('01G5DM4H401A0JC0QY9DP103BN','CHEST_PROBLEM',0.06),('01G5DM4H401A0JC0QY9DP103BN','FEVER',0.408),('01G5DM4H401A0JC0QY9DP103BN','MALARIA',0.793),('01G5DM4H401A0JC0QY9DP103BN','STOMACH',0.206),('01G5DM4H401A0JC0QY9DP103BN','TYPHOID',0.682),('01G9M1GE2M9RDH8SEG0KP7SWFP','CHEST_PROBLEM',0.368),('01G9M1GE2M9RDH8SEG0KP7SWFP','FEVER',0.356),('01G9M1GE2M9RDH8SEG0KP7SWFP','MALARIA',0.49),('01G9M1GE2M9RDH8SEG0KP7SWFP','STOMACH',0.621),('01G9M1GE2M9RDH8SEG0KP7SWFP','TYPHOID',0.296),('01G9M32AS4S3BFFB28KF87EKDV','CHEST_PROBLEM',0.368),('01G9M32AS4S3BFFB28KF87EKDV','FEVER',0.356),('01G9M32AS4S3BFFB28KF87EKDV','MALARIA',0.49),('01G9M32AS4S3BFFB28KF87EKDV','STOMACH',0.621),('01G9M32AS4S3BFFB28KF87EKDV','TYPHOID',0.296),('01G9M4Q3F19KYJSRP11KE8S975','CHEST_PROBLEM',0.368),('01G9M4Q3F19KYJSRP11KE8S975','FEVER',0.356),('01G9M4Q3F19KYJSRP11KE8S975','MALARIA',0.49),('01G9M4Q3F19KYJSRP11KE8S975','STOMACH',0.621),('01G9M4Q3F19KYJSRP11KE8S975','TYPHOID',0.296),('01G9M7ZTH4J58YT9H2DJVSGFYD','CHEST_PROBLEM',0.368),('01G9M7ZTH4J58YT9H2DJVSGFYD','FEVER',0.356),('01G9M7ZTH4J58YT9H2DJVSGFYD','MALARIA',0.49),('01G9M7ZTH4J58YT9H2DJVSGFYD','STOMACH',0.621),('01G9M7ZTH4J58YT9H2DJVSGFYD','TYPHOID',0.296),('01G9M8GYA5XP6H2XMFS072Y5NW','CHEST_PROBLEM',0.368),('01G9M8GYA5XP6H2XMFS072Y5NW','FEVER',0.356),('01G9M8GYA5XP6H2XMFS072Y5NW','MALARIA',0.49),('01G9M8GYA5XP6H2XMFS072Y5NW','STOMACH',0.621),('01G9M8GYA5XP6H2XMFS072Y5NW','TYPHOID',0.296);
/*!40000 ALTER TABLE `pfs_examination_result` ENABLE KEYS */;
UNLOCK TABLES;

--
-- Table structure for table `role`
--

DROP TABLE IF EXISTS `role`;
/*!40101 SET @saved_cs_client     = @@character_set_client */;
/*!50503 SET character_set_client = utf8mb4 */;
CREATE TABLE `role` (
  `id` varchar(50) NOT NULL,
  `name` varchar(255) DEFAULT NULL,
  `description` varchar(255) DEFAULT NULL,
  `created_at` datetime NOT NULL,
  `updated_at` datetime NOT NULL,
  PRIMARY KEY (`id`),
  UNIQUE KEY `name` (`name`)
) ENGINE=InnoDB DEFAULT CHARSET=utf8mb3;
/*!40101 SET character_set_client = @saved_cs_client */;

--
-- Dumping data for table `role`
--

LOCK TABLES `role` WRITE;
/*!40000 ALTER TABLE `role` DISABLE KEYS */;
INSERT INTO `role` VALUES ('01FCZG2SXNZYGQXMPPBB8FV3ZV','ADMIN','role admin','2022-01-28 10:21:34','2022-01-28 10:21:36'),('01FCZG2SXNZYGQXMPPBB8FV4ZV','USER','role user','2022-01-28 10:21:37','2022-01-28 10:21:37'),('01FCZG2SXNZYGQXMPPBB8FV5ZV','EXPERT','role expert','2022-07-08 14:35:11','2022-07-08 14:35:12');
/*!40000 ALTER TABLE `role` ENABLE KEYS */;
UNLOCK TABLES;

--
-- Table structure for table `symptom`
--

DROP TABLE IF EXISTS `symptom`;
/*!40101 SET @saved_cs_client     = @@character_set_client */;
/*!50503 SET character_set_client = utf8mb4 */;
CREATE TABLE `symptom` (
  `name` varchar(50) NOT NULL,
  `description` text DEFAULT NULL,
  `created_at` datetime DEFAULT NULL,
  `updated_at` datetime DEFAULT NULL,
  PRIMARY KEY (`name`)
) ENGINE=InnoDB DEFAULT CHARSET=utf8mb3;
/*!40101 SET character_set_client = @saved_cs_client */;

--
-- Dumping data for table `symptom`
--

LOCK TABLES `symptom` WRITE;
/*!40000 ALTER TABLE `symptom` DISABLE KEYS */;
INSERT INTO `symptom` VALUES ('CHEST_PAIN',NULL,'2022-02-26 18:03:48','2022-02-26 18:03:50'),('COUGH',NULL,'2022-02-26 18:03:43','2022-02-26 18:03:47'),('HEADACHE',NULL,'2022-02-26 18:02:12','2022-02-26 18:02:17'),('STOMACH_PAIN',NULL,'2022-02-26 18:02:50','2022-02-26 18:03:47'),('TEMPERATURE',NULL,'2022-02-26 18:01:55','2022-02-26 18:01:57');
/*!40000 ALTER TABLE `symptom` ENABLE KEYS */;
UNLOCK TABLES;

--
-- Table structure for table `symptom_diagnose`
--

DROP TABLE IF EXISTS `symptom_diagnose`;
/*!40101 SET @saved_cs_client     = @@character_set_client */;
/*!50503 SET character_set_client = utf8mb4 */;
CREATE TABLE `symptom_diagnose` (
  `symptom` varchar(50) NOT NULL,
  `diagnose` varchar(50) NOT NULL,
  `positive` double DEFAULT NULL,
  `neutral` double DEFAULT NULL,
  `negative` double DEFAULT NULL,
  `created_at` datetime DEFAULT NULL,
  PRIMARY KEY (`symptom`,`diagnose`)
) ENGINE=InnoDB DEFAULT CHARSET=utf8mb3;
/*!40101 SET character_set_client = @saved_cs_client */;

--
-- Dumping data for table `symptom_diagnose`
--

LOCK TABLES `symptom_diagnose` WRITE;
/*!40000 ALTER TABLE `symptom_diagnose` DISABLE KEYS */;
INSERT INTO `symptom_diagnose` VALUES ('CHEST_PAIN','CHEST_PROBLEM',0.9,0.02,0.05,'2022-02-26 18:07:59'),('CHEST_PAIN','FEVER',0.05,0.25,0.6,'2022-02-26 18:07:59'),('CHEST_PAIN','MALARIA',0.03,0.07,0.8,'2022-02-26 18:07:59'),('CHEST_PAIN','STOMACH',0.1,0.1,0.7,'2022-02-26 18:07:59'),('CHEST_PAIN','TYPHOID',0.01,0.01,0.85,'2022-02-26 18:07:59'),('COUGH','CHEST_PROBLEM',0.15,0.2,0.65,'2022-02-26 18:07:59'),('COUGH','FEVER',0.45,0.2,0.1,'2022-02-26 18:07:59'),('COUGH','MALARIA',0.65,0.15,0.05,'2022-02-26 18:07:59'),('COUGH','STOMACH',0.25,0.25,0.5,'2022-02-26 18:07:59'),('COUGH','TYPHOID',0.2,0.15,0.6,'2022-02-26 18:07:59'),('HEADACHE','CHEST_PROBLEM',0.01,0.1,0.8,'2022-02-26 18:07:59'),('HEADACHE','FEVER',0.4,0.25,0.3,'2022-02-26 18:07:59'),('HEADACHE','MALARIA',0.1,0.2,0.6,'2022-02-26 18:07:59'),('HEADACHE','STOMACH',0.3,0.05,0.05,'2022-02-26 18:07:59'),('HEADACHE','TYPHOID',0.75,0.05,0.03,'2022-02-26 18:07:59'),('STOMACH_PAIN','CHEST_PROBLEM',0.1,0.15,0.75,'2022-02-26 18:07:59'),('STOMACH_PAIN','FEVER',0.1,0.25,0.6,'2022-02-26 18:07:59'),('STOMACH_PAIN','MALARIA',0.01,0.03,0.9,'2022-02-26 18:07:59'),('STOMACH_PAIN','STOMACH',0.8,0.1,0.01,'2022-02-26 18:07:59'),('STOMACH_PAIN','TYPHOID',0.1,0.2,0.7,'2022-02-26 18:07:59'),('TEMPERATURE','CHEST_PROBLEM',0.05,0.15,0.7,'2022-02-26 18:07:59'),('TEMPERATURE','FEVER',0.4,0.4,0.05,'2022-02-26 18:07:59'),('TEMPERATURE','MALARIA',0.8,0.1,0.1,'2022-02-26 18:07:59'),('TEMPERATURE','STOMACH',0.15,0.05,0.6,'2022-02-26 18:07:59'),('TEMPERATURE','TYPHOID',0.3,0.3,0.3,'2022-02-26 18:07:59');
/*!40000 ALTER TABLE `symptom_diagnose` ENABLE KEYS */;
UNLOCK TABLES;

--
-- Table structure for table `user`
--

DROP TABLE IF EXISTS `user`;
/*!40101 SET @saved_cs_client     = @@character_set_client */;
/*!50503 SET character_set_client = utf8mb4 */;
CREATE TABLE `user` (
  `id` varchar(50) NOT NULL,
  `username` varchar(100) NOT NULL,
  `email` varchar(100) NOT NULL,
  `password` varchar(100) NOT NULL,
  `password_token` varchar(255) DEFAULT NULL,
  `token_creation_date` datetime DEFAULT NULL,
  `is_enable` tinyint(1) NOT NULL,
  `first_name` varchar(80) DEFAULT NULL,
  `last_name` varchar(80) DEFAULT NULL,
  `avatar` varchar(100) DEFAULT NULL,
  `birth_date` date DEFAULT NULL,
  `gender` varchar(50) DEFAULT NULL,
  `description` text DEFAULT NULL,
  `created_at` datetime NOT NULL,
  `updated_at` datetime NOT NULL,
  `phoneNo` varchar(20) DEFAULT NULL,
  `last_login` datetime DEFAULT NULL,
  PRIMARY KEY (`id`),
  UNIQUE KEY `username` (`username`),
  UNIQUE KEY `email` (`email`)
) ENGINE=InnoDB DEFAULT CHARSET=utf8mb3;
/*!40101 SET character_set_client = @saved_cs_client */;

--
-- Dumping data for table `user`
--

LOCK TABLES `user` WRITE;
/*!40000 ALTER TABLE `user` DISABLE KEYS */;
INSERT INTO `user` VALUES ('01G80MS6J97QP056NTBWWKVMKZ','user','user@gmail.com','$2a$10$erz9t2evU/WVZd2DN87AIu.0klxDz5yf5EVqP/7Esr0VGvLogZWNS',NULL,NULL,1,'Trần','Hoàng',NULL,NULL,'FEMALE',NULL,'2022-07-15 16:59:33','2022-07-15 16:59:33',NULL,NULL),('01G80QVY3BCHNS0HQA86NAZWJX','admin','admin@gmail.com','$2a$10$0aEcWp0yz7ia7gRVH6lk5em/zBF/ZKJVmsxudOxse3lr7bMNpfjwa',NULL,NULL,1,'Trần','Hoàng',NULL,NULL,'FEMALE',NULL,'2022-07-15 17:53:29','2022-07-15 17:53:29',NULL,NULL),('01G80QWEAJGS32PG5TP3ANFG30','expert','expert@gmail.com','$2a$10$ADycKoAS8Oly68caqQ0gUOxq6F0JfxJp2n8jdfiMX.1JS6YwN5ote',NULL,NULL,1,'Trần','Hoàng',NULL,NULL,'MALE',NULL,'2022-07-15 17:53:45','2022-07-15 17:53:45',NULL,NULL),('02FCZG2SXNZYGQXMPPBB8FV3ZV','hoangtl','hoangtl@gmail.com','$2a$10$qbCJB7znYS/KD0sFR8f.C.o97a2PYFSGC8KyiKD.nYG7ZT2gaGm2y',NULL,NULL,1,'Trần Le','Hoàng','http://127.0.0.1:8080/media/user/01G7PDDBTYKPDSZ38PAG1Q18VK.png','2022-04-20','MALE','null123123123','2022-01-28 10:23:08','2022-07-15 16:30:22','0327228298','2022-08-04 09:02:55');
/*!40000 ALTER TABLE `user` ENABLE KEYS */;
UNLOCK TABLES;

--
-- Table structure for table `user_role`
--

DROP TABLE IF EXISTS `user_role`;
/*!40101 SET @saved_cs_client     = @@character_set_client */;
/*!50503 SET character_set_client = utf8mb4 */;
CREATE TABLE `user_role` (
  `user_id` varchar(50) NOT NULL,
  `role_id` varchar(50) NOT NULL,
  `created_at` datetime NOT NULL,
  `updated_at` datetime NOT NULL,
  PRIMARY KEY (`user_id`,`role_id`)
) ENGINE=InnoDB DEFAULT CHARSET=utf8mb3;
/*!40101 SET character_set_client = @saved_cs_client */;

--
-- Dumping data for table `user_role`
--

LOCK TABLES `user_role` WRITE;
/*!40000 ALTER TABLE `user_role` DISABLE KEYS */;
INSERT INTO `user_role` VALUES ('01G80MS6J97QP056NTBWWKVMKZ','01FCZG2SXNZYGQXMPPBB8FV4ZV','2022-07-15 16:59:33','2022-07-15 16:59:33'),('01G80QVY3BCHNS0HQA86NAZWJX','01FCZG2SXNZYGQXMPPBB8FV3ZV','2022-07-15 17:53:29','2022-07-15 17:53:29'),('01G80QWEAJGS32PG5TP3ANFG30','01FCZG2SXNZYGQXMPPBB8FV5ZV','2022-07-15 17:53:45','2022-07-15 17:53:45'),('02FCZG2SXNZYGQXMPPBB8FV3ZV','01FCZG2SXNZYGQXMPPBB8FV3ZV','2022-07-15 16:30:22','2022-07-15 16:30:22'),('02FCZG2SXNZYGQXMPPBB8FV3ZV','01FCZG2SXNZYGQXMPPBB8FV4ZV','2022-07-15 16:30:22','2022-07-15 16:30:22'),('02FCZG2SXNZYGQXMPPBB8FV3ZV','01FCZG2SXNZYGQXMPPBB8FV5ZV','2022-07-15 16:30:22','2022-07-15 16:30:22');
/*!40000 ALTER TABLE `user_role` ENABLE KEYS */;
UNLOCK TABLES;
/*!40103 SET TIME_ZONE=@OLD_TIME_ZONE */;

/*!40101 SET SQL_MODE=@OLD_SQL_MODE */;
/*!40014 SET FOREIGN_KEY_CHECKS=@OLD_FOREIGN_KEY_CHECKS */;
/*!40014 SET UNIQUE_CHECKS=@OLD_UNIQUE_CHECKS */;
/*!40101 SET CHARACTER_SET_CLIENT=@OLD_CHARACTER_SET_CLIENT */;
/*!40101 SET CHARACTER_SET_RESULTS=@OLD_CHARACTER_SET_RESULTS */;
/*!40101 SET COLLATION_CONNECTION=@OLD_COLLATION_CONNECTION */;
/*!40111 SET SQL_NOTES=@OLD_SQL_NOTES */;

-- Dump completed on 2022-08-05  0:01:39
